episode,state_idx,predicted_value,target_value
0,0,0.08863472938537598,-31.0
0,1,0.24541960656642914,-31.0
0,2,0.2250567227602005,-31.0
0,3,0.18840964138507843,-31.0
0,4,0.18450039625167847,-31.0
0,5,0.1811644434928894,-31.0
0,6,0.1799563765525818,-31.0
0,7,0.17226064205169678,-31.0
0,8,0.15663209557533264,-31.0
0,9,0.16692081093788147,-31.0
0,10,0.15926365554332733,-31.0
0,11,0.15122587978839874,-31.0
0,12,0.13215580582618713,-31.0
0,13,0.13737069070339203,-31.0
0,14,0.14008769392967224,-31.0
0,15,0.1310434192419052,-31.0
0,16,0.1349526345729828,-31.0
0,17,0.12790732085704803,-31.0
0,18,0.126718670129776,-31.0
0,19,0.12834160029888153,-31.0
0,20,0.13335902988910675,-31.0
0,21,0.1311260163784027,-31.0
0,22,0.13702987134456635,-31.0
0,23,0.14225810766220093,-31.0
0,24,0.13647213578224182,-31.0
0,25,0.13928528130054474,-31.0
0,26,0.14659765362739563,-31.0
0,27,0.1537872850894928,-31.0
0,28,0.15825629234313965,-31.0
0,29,0.15612775087356567,-31.0
0,30,0.1560225784778595,-31.0
0,31,0.15587443113327026,-31.0
0,32,0.15912409126758575,-31.0
0,33,0.15897968411445618,-31.0
0,34,0.1607360988855362,-31.0
1,0,0.07049044966697693,-17.0
1,1,0.0575137659907341,-17.0
1,2,0.012565620243549347,-17.0
1,3,0.024348430335521698,-17.0
1,4,-0.04108942300081253,-17.0
1,5,-0.054994143545627594,-17.0
1,6,-0.03573133796453476,-17.0
1,7,-0.05833610147237778,-17.0
1,8,-0.10073288530111313,-17.0
1,9,-0.105010487139225,-17.0
1,10,-0.11912240833044052,-17.0
1,11,-0.1391836702823639,-17.0
1,12,-0.14690735936164856,-17.0
1,13,-0.15537092089653015,-17.0
1,14,-0.15831789374351501,-17.0
1,15,-0.16127756237983704,-17.0
1,16,-0.16658946871757507,-17.0
1,17,-0.1660546064376831,-17.0
1,18,-0.16987469792366028,-17.0
1,19,-0.17234301567077637,-17.0
1,20,-0.17307451367378235,-17.0
1,21,-0.17542031407356262,-17.0
2,0,-0.48373621702194214,-10.0
2,1,-0.5291939377784729,-10.0
2,2,-0.5309488773345947,-10.0
2,3,-0.5264872312545776,-10.0
2,4,-0.5085743069648743,-10.0
2,5,-0.5017183423042297,-10.0
2,6,-0.5073309540748596,-10.0
2,7,-0.5223330855369568,-10.0
2,8,-0.514797568321228,-10.0
2,9,-0.5148689150810242,-10.0
2,10,-0.5107632279396057,-10.0
2,11,-0.5071640610694885,-10.0
2,12,-0.5012025237083435,-10.0
2,13,-0.4987717866897583,-10.0
2,14,-0.49210864305496216,-10.0
3,0,-0.5482219457626343,-5.0
3,1,-0.5557299852371216,-5.0
3,2,-0.5556321144104004,-5.0
3,3,-0.5571506023406982,-5.0
3,4,-0.5569348335266113,-5.0
3,5,-0.5577504634857178,-5.0
3,6,-0.5594176054000854,-5.0
3,7,-0.5602378845214844,-5.0
3,8,-0.5601845979690552,-5.0
3,9,-0.5599652528762817,-5.0
3,10,-0.5595744848251343,-5.0
3,11,-0.5593982934951782,-5.0
4,0,-0.5810771584510803,0.0
4,1,-0.5713800191879272,0.0
4,2,-0.575191855430603,0.0
4,3,-0.5769739151000977,0.0
4,4,-0.5798161625862122,0.0
4,5,-0.5827363133430481,0.0
5,0,-0.5678039193153381,0.0
6,0,-0.6056475639343262,0.0
6,1,-0.6071816086769104,0.0
7,0,-0.642504096031189,0.0
7,1,-0.6501597762107849,0.0
8,0,-0.6793468594551086,-21.0
8,1,-0.6806572079658508,-21.0
8,2,-0.6804047226905823,-21.0
8,3,-0.6821683049201965,-21.0
8,4,-0.6833358407020569,-21.0
8,5,-0.6842901110649109,-21.0
8,6,-0.6853185296058655,-21.0
8,7,-0.6850401163101196,-21.0
8,8,-0.685066282749176,-21.0
8,9,-0.6852954626083374,-21.0
8,10,-0.6855613589286804,-21.0
8,11,-0.6853953003883362,-21.0
8,12,-0.6852554678916931,-21.0
8,13,-0.6856452226638794,-21.0
8,14,-0.6855838298797607,-21.0
8,15,-0.6857550740242004,-21.0
8,16,-0.68582683801651,-21.0
8,17,-0.685798168182373,-21.0
8,18,-0.6859789490699768,-21.0
8,19,-0.6859369277954102,-21.0
8,20,-0.6860517263412476,-21.0
8,21,-0.6861018538475037,-21.0
8,22,-0.6861554980278015,-21.0
8,23,-0.6861767172813416,-21.0
8,24,-0.6861467957496643,-21.0
8,25,-0.6860141158103943,-21.0
8,26,-0.6858559250831604,-21.0
8,27,-0.6857173442840576,-21.0
9,0,-0.7100959420204163,0.0
10,0,-0.7399837970733643,0.0
11,0,-0.7667915225028992,0.0
11,1,-0.7572125792503357,0.0
11,2,-0.7617437839508057,0.0
11,3,-0.7574780583381653,0.0
11,4,-0.7609394192695618,0.0
11,5,-0.7610631585121155,0.0
11,6,-0.7630121111869812,0.0
11,7,-0.7640518546104431,0.0
11,8,-0.764397144317627,0.0
11,9,-0.7647067308425903,0.0
11,10,-0.7628406286239624,0.0
11,11,-0.7635969519615173,0.0
11,12,-0.7617347836494446,0.0
11,13,-0.7620133757591248,0.0
11,14,-0.7626760601997375,0.0
11,15,-0.7628387808799744,0.0
11,16,-0.7630287408828735,0.0
11,17,-0.7632007002830505,0.0
11,18,-0.7640517950057983,0.0
11,19,-0.7639237642288208,0.0
11,20,-0.7636662721633911,0.0
11,21,-0.7639821767807007,0.0
11,22,-0.7627478241920471,0.0
11,23,-0.7630600333213806,0.0
11,24,-0.7631728649139404,0.0
11,25,-0.7629271745681763,0.0
11,26,-0.7631809115409851,0.0
11,27,-0.7632317543029785,0.0
11,28,-0.7636942267417908,0.0
11,29,-0.7638728022575378,0.0
11,30,-0.7636235952377319,0.0
11,31,-0.7639582753181458,0.0
11,32,-0.7642930746078491,0.0
11,33,-0.764549195766449,0.0
11,34,-0.7646759748458862,0.0
11,35,-0.7648975253105164,0.0
11,36,-0.7651015520095825,0.0
11,37,-0.7651992440223694,0.0
11,38,-0.7652872204780579,0.0
11,39,-0.7653156518936157,0.0
11,40,-0.7652086615562439,0.0
11,41,-0.764697253704071,0.0
11,42,-0.7647017240524292,0.0
11,43,-0.7646979093551636,0.0
11,44,-0.7646819353103638,0.0
12,0,-0.7935224771499634,0.0
12,1,-0.7858614325523376,0.0
12,2,-0.7935785055160522,0.0
13,0,-0.8205408453941345,0.0
13,1,-0.8222887516021729,0.0
13,2,-0.8223356008529663,0.0
13,3,-0.8227308392524719,0.0
13,4,-0.8226296901702881,0.0
13,5,-0.822514533996582,0.0
13,6,-0.8223912119865417,0.0
13,7,-0.822277843952179,0.0
14,0,-0.838313639163971,0.0
14,1,-0.8394575715065002,0.0
14,2,-0.8386468291282654,0.0
15,0,-0.8804787993431091,-1.0
15,1,-0.8806974291801453,-1.0
15,2,-0.8799726366996765,-1.0
16,0,-0.9099486470222473,-50.0
16,1,-0.9006037712097168,-50.0
16,2,-0.8939511179924011,-50.0
16,3,-0.8900455832481384,-50.0
16,4,-0.8943576216697693,-50.0
16,5,-0.8899295330047607,-50.0
16,6,-0.8884400725364685,-50.0
16,7,-0.8856362104415894,-50.0
16,8,-0.8839857578277588,-50.0
16,9,-0.8842257857322693,-50.0
16,10,-0.883542537689209,-50.0
16,11,-0.8859484195709229,-50.0
16,12,-0.8878054618835449,-50.0
16,13,-0.8879930973052979,-50.0
16,14,-0.887588381767273,-50.0
16,15,-0.8865225911140442,-50.0
16,16,-0.887974202632904,-50.0
16,17,-0.8895123600959778,-50.0
16,18,-0.8897138833999634,-50.0
16,19,-0.8906053900718689,-50.0
16,20,-0.8903841972351074,-50.0
16,21,-0.8901883959770203,-50.0
16,22,-0.8913568258285522,-50.0
16,23,-0.8922417759895325,-50.0
16,24,-0.891994059085846,-50.0
16,25,-0.8923388719558716,-50.0
16,26,-0.8914417028427124,-50.0
16,27,-0.8910450339317322,-50.0
16,28,-0.8907905220985413,-50.0
16,29,-0.889954149723053,-50.0
16,30,-0.8908231258392334,-50.0
16,31,-0.8900759816169739,-50.0
16,32,-0.889959454536438,-50.0
16,33,-0.8903262615203857,-50.0
16,34,-0.8904786109924316,-50.0
16,35,-0.8908782005310059,-50.0
16,36,-0.8909143805503845,-50.0
16,37,-0.8901058435440063,-50.0
16,38,-0.8908776044845581,-50.0
16,39,-0.8905807733535767,-50.0
16,40,-0.8911084532737732,-50.0
16,41,-0.8913459777832031,-50.0
16,42,-0.8919574022293091,-50.0
16,43,-0.8914965391159058,-50.0
16,44,-0.8915973901748657,-50.0
16,45,-0.8916653394699097,-50.0
16,46,-0.8916400671005249,-50.0
16,47,-0.8920584321022034,-50.0
16,48,-0.8925778269767761,-50.0
16,49,-0.8920735716819763,-50.0
16,50,-0.8923923969268799,-50.0
16,51,-0.8921569585800171,-50.0
16,52,-0.8919629454612732,-50.0
16,53,-0.8920477628707886,-50.0
16,54,-0.8920983076095581,-50.0
16,55,-0.8919773697853088,-50.0
16,56,-0.8919846415519714,-50.0
16,57,-0.8918400406837463,-50.0
17,0,-0.9214974045753479,0.0
18,0,-0.9435723423957825,-1.0
18,1,-0.9497309327125549,-1.0
18,2,-0.9393901228904724,-1.0
18,3,-0.9264630675315857,-1.0
19,0,-1.0016326904296875,-2.0
19,1,-1.0014498233795166,-2.0
19,2,-1.0013360977172852,-2.0
19,3,-1.0010974407196045,-2.0
19,4,-1.0009863376617432,-2.0
19,5,-1.0007352828979492,-2.0
19,6,-1.0003256797790527,-2.0
19,7,-1.0008137226104736,-2.0
19,8,-1.0004982948303223,-2.0
19,9,-1.0005741119384766,-2.0
19,10,-1.0007455348968506,-2.0
20,0,-1.0231189727783203,0.0
21,0,-1.0623122453689575,0.0
21,1,-1.0572420358657837,0.0
21,2,-1.0588234663009644,0.0
21,3,-1.0608888864517212,0.0
22,0,-1.0942870378494263,0.0
23,0,-1.1282668113708496,0.0
24,0,-1.160948395729065,0.0
24,1,-1.1584646701812744,0.0
24,2,-1.159192681312561,0.0
24,3,-1.1580443382263184,0.0
25,0,-1.1942660808563232,0.0
25,1,-1.1882778406143188,0.0
25,2,-1.184662938117981,0.0
25,3,-1.1885018348693848,0.0
26,0,-1.2253379821777344,0.0
26,1,-1.2256495952606201,0.0
26,2,-1.2280699014663696,0.0
27,0,-1.2523608207702637,-7.0
27,1,-1.2540466785430908,-7.0
27,2,-1.2543187141418457,-7.0
27,3,-1.253709316253662,-7.0
27,4,-1.2508643865585327,-7.0
27,5,-1.248403549194336,-7.0
27,6,-1.2474933862686157,-7.0
27,7,-1.2439274787902832,-7.0
27,8,-1.2402583360671997,-7.0
27,9,-1.2367020845413208,-7.0
27,10,-1.2323696613311768,-7.0
27,11,-1.2297711372375488,-7.0
28,0,-1.298443078994751,0.0
28,1,-1.2987110614776611,0.0
28,2,-1.298478126525879,0.0
29,0,-1.3248157501220703,-14.0
29,1,-1.3245601654052734,-14.0
29,2,-1.324589490890503,-14.0
29,3,-1.3252384662628174,-14.0
29,4,-1.3236818313598633,-14.0
29,5,-1.3256471157073975,-14.0
29,6,-1.3237676620483398,-14.0
29,7,-1.323147177696228,-14.0
29,8,-1.3224385976791382,-14.0
29,9,-1.3233369588851929,-14.0
29,10,-1.321489930152893,-14.0
29,11,-1.3191967010498047,-14.0
29,12,-1.3168100118637085,-14.0
29,13,-1.3166077136993408,-14.0
29,14,-1.3146545886993408,-14.0
29,15,-1.3106977939605713,-14.0
29,16,-1.3095895051956177,-14.0
29,17,-1.3074383735656738,-14.0
29,18,-1.3054559230804443,-14.0
29,19,-1.3044350147247314,-14.0
30,0,-1.3652353286743164,0.0
31,0,-1.401965618133545,0.0
31,1,-1.408665657043457,0.0
31,2,-1.406341552734375,0.0
31,3,-1.4066959619522095,0.0
32,0,-1.448612928390503,-1.0
32,1,-1.4437370300292969,-1.0
32,2,-1.4371740818023682,-1.0
32,3,-1.4441814422607422,-1.0
33,0,-1.4782003164291382,0.0
33,1,-1.481196641921997,0.0
34,0,-1.5238072872161865,0.0
35,0,-1.566529393196106,0.0
35,1,-1.5489468574523926,0.0
35,2,-1.5628629922866821,0.0
36,0,-1.553534746170044,-4.0
36,1,-1.5970598459243774,-4.0
36,2,-1.5997250080108643,-4.0
36,3,-1.6019619703292847,-4.0
36,4,-1.6033415794372559,-4.0
36,5,-1.6043310165405273,-4.0
36,6,-1.606992483139038,-4.0
36,7,-1.6080729961395264,-4.0
36,8,-1.6084281206130981,-4.0
36,9,-1.6089847087860107,-4.0
36,10,-1.6094577312469482,-4.0
37,0,-1.6417512893676758,-3.0
37,1,-1.6434253454208374,-3.0
37,2,-1.645316481590271,-3.0
37,3,-1.6460634469985962,-3.0
37,4,-1.6456440687179565,-3.0
37,5,-1.6453646421432495,-3.0
37,6,-1.645270824432373,-3.0
37,7,-1.6477910280227661,-3.0
37,8,-1.6492971181869507,-3.0
37,9,-1.6501963138580322,-3.0
38,0,-1.6935638189315796,0.0
38,1,-1.6934148073196411,0.0
38,2,-1.693801999092102,0.0
38,3,-1.6922268867492676,0.0
39,0,-1.733587384223938,0.0
39,1,-1.7246066331863403,0.0
40,0,-1.7752952575683594,0.0
40,1,-1.7697761058807373,0.0
41,0,-1.8170170783996582,0.0
41,1,-1.8215019702911377,0.0
41,2,-1.8218927383422852,0.0
41,3,-1.8217177391052246,0.0
42,0,-1.8551307916641235,0.0
43,0,-1.8918795585632324,-11.0
43,1,-1.8940153121948242,-11.0
43,2,-1.8945653438568115,-11.0
43,3,-1.895201325416565,-11.0
43,4,-1.895063877105713,-11.0
43,5,-1.8952829837799072,-11.0
43,6,-1.8952832221984863,-11.0
43,7,-1.89662504196167,-11.0
43,8,-1.8963148593902588,-11.0
43,9,-1.8962993621826172,-11.0
43,10,-1.8971049785614014,-11.0
43,11,-1.8996717929840088,-11.0
43,12,-1.9012175798416138,-11.0
43,13,-1.9023427963256836,-11.0
43,14,-1.9019898176193237,-11.0
43,15,-1.901391863822937,-11.0
43,16,-1.902579426765442,-11.0
43,17,-1.9035338163375854,-11.0
43,18,-1.9042034149169922,-11.0
43,19,-1.9046992063522339,-11.0
43,20,-1.9049689769744873,-11.0
43,21,-1.9051437377929688,-11.0
44,0,-1.927589774131775,0.0
44,1,-1.9317467212677002,0.0
44,2,-1.931309700012207,0.0
44,3,-1.9374909400939941,0.0
44,4,-1.9406477212905884,0.0
44,5,-1.9422426223754883,0.0
44,6,-1.9416331052780151,0.0
44,7,-1.9408085346221924,0.0
44,8,-1.9401588439941406,0.0
44,9,-1.941136360168457,0.0
44,10,-1.940833330154419,0.0
44,11,-1.940494179725647,0.0
44,12,-1.9411932229995728,0.0
44,13,-1.9409046173095703,0.0
44,14,-1.9414595365524292,0.0
44,15,-1.9419093132019043,0.0
44,16,-1.9423015117645264,0.0
44,17,-1.942589521408081,0.0
44,18,-1.9423056840896606,0.0
44,19,-1.9419739246368408,0.0
44,20,-1.9422413110733032,0.0
44,21,-1.9424935579299927,0.0
44,22,-1.942704200744629,0.0
44,23,-1.9428881406784058,0.0
44,24,-1.9430549144744873,0.0
44,25,-1.9442025423049927,0.0
44,26,-1.9442951679229736,0.0
44,27,-1.9443799257278442,0.0
44,28,-1.9452641010284424,0.0
44,29,-1.9460246562957764,0.0
44,30,-1.945779800415039,0.0
44,31,-1.9464221000671387,0.0
44,32,-1.9461703300476074,0.0
44,33,-1.946746587753296,0.0
44,34,-1.9472551345825195,0.0
44,35,-1.9472322463989258,0.0
44,36,-1.9476392269134521,0.0
44,37,-1.9476089477539062,0.0
44,38,-1.9479455947875977,0.0
44,39,-1.9482333660125732,0.0
44,40,-1.9484648704528809,0.0
44,41,-1.948659896850586,0.0
44,42,-1.9488317966461182,0.0
45,0,-1.9901347160339355,-13.0
45,1,-1.9895703792572021,-13.0
45,2,-1.9894437789916992,-13.0
45,3,-1.9898481369018555,-13.0
45,4,-1.9902174472808838,-13.0
45,5,-1.9901020526885986,-13.0
45,6,-1.9900870323181152,-13.0
45,7,-1.9898865222930908,-13.0
45,8,-1.989448070526123,-13.0
45,9,-1.9895422458648682,-13.0
45,10,-1.9902360439300537,-13.0
45,11,-1.990725040435791,-13.0
45,12,-1.9912171363830566,-13.0
45,13,-1.991422176361084,-13.0
45,14,-1.9916391372680664,-13.0
45,15,-1.9916799068450928,-13.0
45,16,-1.9917144775390625,-13.0
45,17,-1.9915742874145508,-13.0
46,0,-2.028855562210083,0.0
46,1,-2.0330967903137207,0.0
46,2,-2.0341691970825195,0.0
47,0,-2.0492665767669678,0.0
48,0,-2.130811929702759,-1.0
48,1,-2.129328489303589,-1.0
48,2,-2.1284525394439697,-1.0
48,3,-2.102356195449829,-1.0
48,4,-2.1267526149749756,-1.0
49,0,-2.1643595695495605,0.0
49,1,-2.160513162612915,0.0
49,2,-2.1748173236846924,0.0
50,0,-2.2260828018188477,0.0
51,0,-2.2798519134521484,0.0
51,1,-2.2682578563690186,0.0
52,0,-2.316429376602173,0.0
53,0,-2.381884813308716,0.0
54,0,-2.435110569000244,-6.0
54,1,-2.4348034858703613,-6.0
54,2,-2.430375337600708,-6.0
54,3,-2.435424327850342,-6.0
54,4,-2.4354684352874756,-6.0
54,5,-2.4380388259887695,-6.0
54,6,-2.437600612640381,-6.0
54,7,-2.437744379043579,-6.0
54,8,-2.4381825923919678,-6.0
54,9,-2.4383435249328613,-6.0
55,0,-2.4926743507385254,-1.0
55,1,-2.4197142124176025,-1.0
55,2,-2.413944959640503,-1.0
55,3,-2.4164769649505615,-1.0
55,4,-2.412851095199585,-1.0
55,5,-2.409087896347046,-1.0
55,6,-2.4631009101867676,-1.0
55,7,-2.4650871753692627,-1.0
55,8,-2.4637558460235596,-1.0
55,9,-2.466132402420044,-1.0
55,10,-2.460639238357544,-1.0
56,0,-2.495525360107422,-11.0
56,1,-2.5048179626464844,-11.0
56,2,-2.499385356903076,-11.0
56,3,-2.4835386276245117,-11.0
56,4,-2.4823684692382812,-11.0
56,5,-2.472874641418457,-11.0
56,6,-2.4728407859802246,-11.0
56,7,-2.4709510803222656,-11.0
56,8,-2.4744863510131836,-11.0
56,9,-2.458754062652588,-11.0
56,10,-2.4772706031799316,-11.0
56,11,-2.4798998832702637,-11.0
56,12,-2.500828742980957,-11.0
56,13,-2.5168590545654297,-11.0
56,14,-2.5266709327697754,-11.0
56,15,-2.5347700119018555,-11.0
57,0,-2.5591139793395996,0.0
57,1,-2.5152602195739746,0.0
58,0,-2.659846305847168,0.0
58,1,-2.658109664916992,0.0
58,2,-2.464266777038574,0.0
58,3,-2.465707540512085,0.0
58,4,-2.4807591438293457,0.0
59,0,-2.6151506900787354,-4.0
59,1,-2.621133804321289,-4.0
59,2,-2.6180734634399414,-4.0
59,3,-2.6184988021850586,-4.0
59,4,-2.6175479888916016,-4.0
59,5,-2.6699540615081787,-4.0
59,6,-2.6628081798553467,-4.0
59,7,-2.6631405353546143,-4.0
59,8,-2.682486057281494,-4.0
59,9,-2.701662063598633,-4.0
60,0,-2.7480885982513428,0.0
61,0,-2.8256301879882812,0.0
62,0,-2.8269715309143066,0.0
63,0,-2.8765246868133545,0.0
63,1,-2.9085187911987305,0.0
63,2,-2.927375316619873,0.0
63,3,-2.9363248348236084,0.0
63,4,-2.941382646560669,0.0
63,5,-2.9431707859039307,0.0
64,0,-2.8902783393859863,-25.0
64,1,-2.859847068786621,-25.0
64,2,-1.930398941040039,-25.0
64,3,-1.9420969486236572,-25.0
64,4,-1.6682695150375366,-25.0
64,5,-1.6740455627441406,-25.0
64,6,-1.6788277626037598,-25.0
64,7,-1.6598185300827026,-25.0
64,8,-1.6653344631195068,-25.0
64,9,-1.6523714065551758,-25.0
64,10,-1.6195034980773926,-25.0
64,11,-1.593045711517334,-25.0
64,12,-1.5760807991027832,-25.0
64,13,-1.5563900470733643,-25.0
64,14,-1.5524876117706299,-25.0
64,15,-1.5394997596740723,-25.0
64,16,-1.51019287109375,-25.0
64,17,-1.6147491931915283,-25.0
64,18,-1.6479718685150146,-25.0
64,19,-1.6833281517028809,-25.0
64,20,-1.7241050004959106,-25.0
64,21,-1.720032811164856,-25.0
64,22,-1.7170220613479614,-25.0
64,23,-2.027333974838257,-25.0
64,24,-2.023794174194336,-25.0
64,25,-1.9855799674987793,-25.0
64,26,-1.971116304397583,-25.0
64,27,-1.9708294868469238,-25.0
64,28,-1.957749366760254,-25.0
64,29,-2.0310347080230713,-25.0
65,0,-2.9709858894348145,0.0
65,1,-3.0249085426330566,0.0
65,2,-3.030583381652832,0.0
65,3,-3.008026123046875,0.0
65,4,-3.0115628242492676,0.0
65,5,-3.0123777389526367,0.0
65,6,-3.0403738021850586,0.0
66,0,-3.0603456497192383,0.0
66,1,-3.0569474697113037,0.0
66,2,-2.9903714656829834,0.0
66,3,-2.9705376625061035,0.0
66,4,-2.959439277648926,0.0
66,5,-2.9590039253234863,0.0
66,6,-2.9765992164611816,0.0
67,0,-3.148195266723633,0.0
67,1,-3.165222406387329,0.0
67,2,-3.1683459281921387,0.0
67,3,-3.1699302196502686,0.0
67,4,-3.170511484146118,0.0
67,5,-3.1705517768859863,0.0
67,6,-3.1704370975494385,0.0
67,7,-3.1701500415802,0.0
67,8,-3.1771657466888428,0.0
67,9,-3.176295518875122,0.0
67,10,-3.177314519882202,0.0
67,11,-3.1780359745025635,0.0
67,12,-3.1785366535186768,0.0
67,13,-3.1801793575286865,0.0
67,14,-3.1793272495269775,0.0
67,15,-3.178323984146118,0.0
67,16,-3.178410530090332,0.0
67,17,-3.178436756134033,0.0
67,18,-3.1785693168640137,0.0
67,19,-3.178673028945923,0.0
67,20,-3.1787402629852295,0.0
67,21,-3.179736852645874,0.0
67,22,-3.17973256111145,0.0
67,23,-3.1805050373077393,0.0
67,24,-3.179698944091797,0.0
67,25,-3.1795847415924072,0.0
67,26,-3.180206537246704,0.0
67,27,-3.1807308197021484,0.0
67,28,-3.1811063289642334,0.0
67,29,-3.1813013553619385,0.0
67,30,-3.1813127994537354,0.0
67,31,-3.1810476779937744,0.0
67,32,-3.180474042892456,0.0
68,0,-3.2301034927368164,-1.0
68,1,-2.597424030303955,-1.0
68,2,-2.563464403152466,-1.0
68,3,-2.8064239025115967,-1.0
68,4,-2.751668930053711,-1.0
68,5,-2.682077407836914,-1.0
68,6,-2.7742226123809814,-1.0
68,7,-2.710728406906128,-1.0
68,8,-2.810472249984741,-1.0
69,0,-3.1885342597961426,0.0
69,1,-3.3076610565185547,0.0
69,2,-3.30936861038208,0.0
70,0,-3.2984957695007324,0.0
70,1,-3.2884726524353027,0.0
71,0,-3.304515838623047,0.0
72,0,-3.0781571865081787,0.0
72,1,-3.4667201042175293,0.0
73,0,-0.654874324798584,0.0
73,1,-0.12909479439258575,0.0
74,0,-2.486468553543091,0.0
74,1,-2.433828353881836,0.0
75,0,-3.6753034591674805,0.0
75,1,-0.9566279649734497,0.0
76,0,-3.5442700386047363,0.0
77,0,-3.524129629135132,0.0
78,0,-1.0098657608032227,0.0
78,1,-3.4973537921905518,0.0
78,2,-2.8955600261688232,0.0
79,0,-3.9944489002227783,-2.0
79,1,-3.9936559200286865,-2.0
79,2,-3.9852168560028076,-2.0
79,3,-3.966703176498413,-2.0
79,4,-3.9662299156188965,-2.0
80,0,-3.6351094245910645,0.0
80,1,-3.3682074546813965,0.0
81,0,-3.8028314113616943,0.0
81,1,-3.9780092239379883,0.0
81,2,-4.0037641525268555,0.0
81,3,-4.071308135986328,0.0
81,4,-4.06760311126709,0.0
81,5,-4.061346054077148,0.0
81,6,-4.0643720626831055,0.0
81,7,-4.066579341888428,0.0
81,8,-4.058901786804199,0.0
82,0,-3.8512520790100098,-3.0
82,1,-4.1127238273620605,-3.0
82,2,-3.543161630630493,-3.0
82,3,-3.479323625564575,-3.0
82,4,-3.127046823501587,-3.0
82,5,-2.9989688396453857,-3.0
83,0,-4.223924160003662,0.0
83,1,-3.5758087635040283,0.0
83,2,-3.5103628635406494,0.0
83,3,-3.3562076091766357,0.0
83,4,-3.266923427581787,0.0
83,5,-3.197047233581543,0.0
83,6,-3.387244462966919,0.0
84,0,-4.325129508972168,0.0
84,1,-4.304251670837402,0.0
84,2,-4.271974086761475,0.0
85,0,-4.134744167327881,0.0
85,1,-3.6670174598693848,0.0
85,2,-4.377731800079346,0.0
86,0,-4.384552001953125,0.0
86,1,-4.446081161499023,0.0
86,2,-4.072556972503662,0.0
86,3,-4.003401279449463,0.0
87,0,-3.2809743881225586,-9.0
87,1,-3.267657995223999,-9.0
87,2,-3.3416149616241455,-9.0
87,3,-3.355208158493042,-9.0
87,4,-3.340985059738159,-9.0
87,5,-3.359496593475342,-9.0
87,6,-3.349885940551758,-9.0
87,7,-3.328270673751831,-9.0
87,8,-4.263088703155518,-9.0
87,9,-4.386844635009766,-9.0
87,10,-4.424740314483643,-9.0
87,11,-4.4305267333984375,-9.0
87,12,-4.43287992477417,-9.0
87,13,-4.429741859436035,-9.0
87,14,-4.423793792724609,-9.0
88,0,-3.2386367321014404,0.0
88,1,-2.969905376434326,0.0
89,0,-4.447816371917725,0.0
89,1,-4.459616184234619,0.0
89,2,-4.4891157150268555,0.0
89,3,-4.474735736846924,0.0
89,4,-4.464230060577393,0.0
89,5,-4.454998016357422,0.0
89,6,-4.448238849639893,0.0
89,7,-4.436954975128174,0.0
89,8,-4.421933650970459,0.0
89,9,-4.432407855987549,0.0
89,10,-4.421268939971924,0.0
89,11,-4.496175289154053,0.0
89,12,-4.485473155975342,0.0
89,13,-4.4875030517578125,0.0
89,14,-4.488519191741943,0.0
89,15,-4.4888434410095215,0.0
89,16,-4.479175090789795,0.0
89,17,-4.516575336456299,0.0
89,18,-4.5155534744262695,0.0
89,19,-4.542491912841797,0.0
89,20,-4.540603160858154,0.0
89,21,-4.538703441619873,0.0
89,22,-4.529028415679932,0.0
89,23,-4.548685550689697,0.0
89,24,-4.546893119812012,0.0
89,25,-4.54491662979126,0.0
89,26,-4.543279647827148,0.0
89,27,-4.54196310043335,0.0
89,28,-4.540684700012207,0.0
89,29,-4.539296627044678,0.0
89,30,-4.553977012634277,0.0
89,31,-4.5527496337890625,0.0
89,32,-4.551490783691406,0.0
89,33,-4.549350738525391,0.0
89,34,-4.560604095458984,0.0
89,35,-4.568348407745361,0.0
89,36,-4.574536323547363,0.0
89,37,-4.578678607940674,0.0
89,38,-4.573459148406982,0.0
89,39,-4.576192378997803,0.0
89,40,-4.576671123504639,0.0
90,0,-4.606948375701904,0.0
90,1,-4.515560626983643,0.0
91,0,-4.657036304473877,0.0
91,1,-0.6419112682342529,0.0
92,0,-4.6510009765625,0.0
92,1,-4.656608581542969,0.0
92,2,-4.656538963317871,0.0
92,3,-4.651288986206055,0.0
92,4,-4.694285869598389,0.0
92,5,-4.715068817138672,0.0
92,6,-4.702679634094238,0.0
92,7,-4.688915252685547,0.0
92,8,-4.671756267547607,0.0
92,9,-4.681343078613281,0.0
92,10,-4.685479640960693,0.0
92,11,-4.668787002563477,0.0
92,12,-4.777752876281738,0.0
92,13,-4.772953033447266,0.0
92,14,-4.767904758453369,0.0
92,15,-4.802513599395752,0.0
92,16,-4.817072868347168,0.0
92,17,-4.823752403259277,0.0
92,18,-4.820697784423828,0.0
92,19,-4.824677467346191,0.0
92,20,-4.826827049255371,0.0
92,21,-4.82501220703125,0.0
92,22,-4.826479434967041,0.0
93,0,-4.411294460296631,0.0
93,1,-3.688906192779541,0.0
94,0,-4.824840545654297,0.0
94,1,-4.714351654052734,0.0
94,2,-4.67199182510376,0.0
94,3,-4.562077522277832,0.0
94,4,-4.460630893707275,0.0
94,5,-4.358213424682617,0.0
94,6,-4.266010284423828,0.0
94,7,-4.201952934265137,0.0
94,8,-4.14740514755249,0.0
95,0,-1.8288856744766235,-6.0
95,1,-1.9283111095428467,-6.0
95,2,-1.9251638650894165,-6.0
95,3,-1.8052860498428345,-6.0
95,4,-2.0042741298675537,-6.0
95,5,-2.1168267726898193,-6.0
95,6,-2.1420061588287354,-6.0
95,7,-2.266672372817993,-6.0
95,8,-2.1166837215423584,-6.0
95,9,-2.0086429119110107,-6.0
95,10,-3.038029670715332,-6.0
95,11,-3.543152093887329,-6.0
95,12,-3.692094326019287,-6.0
95,13,-4.211019039154053,-6.0
96,0,-2.7630889415740967,0.0
97,0,-1.370604157447815,0.0
97,1,-2.0758392810821533,0.0
98,0,-3.0693724155426025,0.0
98,1,-1.8409754037857056,0.0
98,2,-1.4625004529953003,0.0
98,3,-1.2528769969940186,0.0
98,4,-0.674332320690155,0.0
98,5,-0.5536079406738281,0.0
98,6,-0.7153598070144653,0.0
98,7,-0.7552378177642822,0.0
98,8,-2.591087579727173,0.0
99,0,-1.9331918954849243,0.0
99,1,-1.2750645875930786,0.0
99,2,-0.48515522480010986,0.0
100,0,-2.8173794746398926,0.0
100,1,-2.6569395065307617,0.0
101,0,-4.620104789733887,0.0
101,1,-4.389623641967773,0.0
101,2,-3.9625818729400635,0.0
101,3,-3.5722744464874268,0.0
102,0,-5.204568862915039,0.0
102,1,-5.124187469482422,0.0
102,2,-5.092628479003906,0.0
102,3,-5.029690265655518,0.0
103,0,-5.366264820098877,0.0
103,1,-5.204988479614258,0.0
103,2,-4.587061882019043,0.0
104,0,-4.387044906616211,0.0
104,1,-2.5132789611816406,0.0
104,2,-1.46957266330719,0.0
104,3,-0.450559139251709,0.0
105,0,-4.408668041229248,0.0
105,1,-5.196043014526367,0.0
106,0,-4.899785995483398,0.0
106,1,-4.743679523468018,0.0
106,2,-4.65536642074585,0.0
106,3,-4.306066513061523,0.0
106,4,-4.362016677856445,0.0
106,5,-4.35299015045166,0.0
106,6,-4.366042137145996,0.0
106,7,-4.383620262145996,0.0
107,0,-0.05148765817284584,0.0
107,1,0.4685420095920563,0.0
107,2,1.0007197856903076,0.0
108,0,-5.633258819580078,0.0
108,1,-1.274353265762329,0.0
108,2,0.2494126856327057,0.0
109,0,-2.4413902759552,0.0
110,0,-5.066158771514893,0.0
110,1,-0.08866044878959656,0.0
111,0,-2.4171600341796875,0.0
111,1,-3.2528176307678223,0.0
111,2,-2.907538890838623,0.0
111,3,-2.657925605773926,0.0
111,4,-1.9386299848556519,0.0
111,5,-1.4255306720733643,0.0
111,6,-1.03034245967865,0.0
111,7,-0.7649577260017395,0.0
111,8,-0.4995439648628235,0.0
111,9,-0.24975450336933136,0.0
111,10,-1.0672733783721924,0.0
111,11,-0.8774538636207581,0.0
111,12,-0.6816122531890869,0.0
111,13,-0.4946288466453552,0.0
111,14,-0.6960260272026062,0.0
111,15,-0.8926761746406555,0.0
111,16,-1.114820122718811,0.0
111,17,-1.3205875158309937,0.0
111,18,-1.5442090034484863,0.0
111,19,-1.7685469388961792,0.0
111,20,-1.98857843875885,0.0
111,21,-2.2284018993377686,0.0
112,0,-5.088114261627197,0.0
112,1,-0.5729817152023315,0.0
112,2,-0.22807547450065613,0.0
112,3,-0.6704598069190979,0.0
113,0,-0.15894025564193726,0.0
113,1,-0.2150406688451767,0.0
113,2,-0.36200830340385437,0.0
114,0,-0.2500666677951813,0.0
114,1,-0.42503005266189575,0.0
115,0,-4.880576133728027,0.0
116,0,-2.730198383331299,-47.0
116,1,-3.2150352001190186,-47.0
116,2,-3.3644940853118896,-47.0
116,3,-3.988436222076416,-47.0
116,4,-4.015119552612305,-47.0
116,5,-3.9463372230529785,-47.0
116,6,-4.053562641143799,-47.0
116,7,-4.014434814453125,-47.0
116,8,-4.09137487411499,-47.0
116,9,-4.065014362335205,-47.0
116,10,-4.05709171295166,-47.0
116,11,-4.04513692855835,-47.0
116,12,-4.181892395019531,-47.0
116,13,-4.127315044403076,-47.0
116,14,-4.252536296844482,-47.0
116,15,-4.369770050048828,-47.0
116,16,-4.42026948928833,-47.0
116,17,-4.4638752937316895,-47.0
116,18,-4.46036958694458,-47.0
116,19,-4.4624762535095215,-47.0
116,20,-4.529326438903809,-47.0
116,21,-6.065005302429199,-47.0
116,22,-6.063058853149414,-47.0
116,23,-6.046594142913818,-47.0
116,24,-6.043543815612793,-47.0
116,25,-6.018293857574463,-47.0
116,26,-6.001514911651611,-47.0
116,27,-5.996333599090576,-47.0
116,28,-6.147535800933838,-47.0
116,29,-6.140139102935791,-47.0
116,30,-6.1336750984191895,-47.0
116,31,-6.131865501403809,-47.0
116,32,-6.129411220550537,-47.0
116,33,-6.126392841339111,-47.0
116,34,-6.12306547164917,-47.0
116,35,-6.175600528717041,-47.0
116,36,-6.197829723358154,-47.0
116,37,-6.209273815155029,-47.0
116,38,-6.216177463531494,-47.0
116,39,-6.219973087310791,-47.0
116,40,-6.223047733306885,-47.0
116,41,-6.222160816192627,-47.0
116,42,-6.224848747253418,-47.0
116,43,-6.2267560958862305,-47.0
116,44,-6.228245258331299,-47.0
116,45,-6.229272365570068,-47.0
116,46,-6.230712413787842,-47.0
116,47,-6.219646453857422,-47.0
116,48,-6.146458148956299,-47.0
116,49,-6.143840789794922,-47.0
116,50,-4.936574935913086,-47.0
116,51,-4.88852071762085,-47.0
116,52,-4.731942176818848,-47.0
116,53,-4.675394535064697,-47.0
116,54,-4.502740383148193,-47.0
116,55,-4.332177639007568,-47.0
117,0,0.26120275259017944,0.0
118,0,-1.9557584524154663,-1.0
118,1,-1.9601088762283325,-1.0
118,2,-1.9185705184936523,-1.0
118,3,-1.1625711917877197,-1.0
118,4,-0.436641663312912,-1.0
118,5,-0.3566301763057709,-1.0
118,6,-0.24811439216136932,-1.0
118,7,-1.8456858396530151,-1.0
118,8,-1.0128604173660278,-1.0
118,9,-0.6157763600349426,-1.0
118,10,-1.3225576877593994,-1.0
118,11,-1.5536773204803467,-1.0
119,0,-6.265896320343018,0.0
119,1,-0.6524231433868408,0.0
120,0,-5.466576099395752,0.0
120,1,-5.269760608673096,0.0
120,2,-5.327080249786377,0.0
120,3,-5.173437595367432,0.0
120,4,-4.4924397468566895,0.0
120,5,-3.547152280807495,0.0
120,6,-3.3617136478424072,0.0
120,7,-3.0503199100494385,0.0
120,8,-2.7639994621276855,0.0
120,9,-3.035370111465454,0.0
120,10,-3.352790117263794,0.0
120,11,-3.6720077991485596,0.0
120,12,-3.3287899494171143,0.0
120,13,-3.738194465637207,0.0
121,0,-2.5919981002807617,0.0
121,1,0.30568844079971313,0.0
121,2,0.23656225204467773,0.0
122,0,-2.0341081619262695,0.0
122,1,-1.0184550285339355,0.0
122,2,0.6065637469291687,0.0
123,0,-0.20492330193519592,0.0
123,1,-0.16177409887313843,0.0
123,2,-0.04182900860905647,0.0
123,3,-0.06494643539190292,0.0
123,4,-0.04374973848462105,0.0
123,5,-0.005517405923455954,0.0
123,6,0.04530435428023338,0.0
123,7,0.04307433217763901,0.0
123,8,0.14911748468875885,0.0
123,9,0.021898901090025902,0.0
123,10,0.06917174905538559,0.0
123,11,0.08449620008468628,0.0
123,12,0.1647956669330597,0.0
123,13,0.13727959990501404,0.0
123,14,0.17581260204315186,0.0
123,15,0.14681974053382874,0.0
123,16,0.17178037762641907,0.0
123,17,0.2275085747241974,0.0
123,18,0.37326401472091675,0.0
123,19,0.3740249276161194,0.0
123,20,0.37276846170425415,0.0
123,21,0.37843960523605347,0.0
123,22,0.38045719265937805,0.0
123,23,0.3817708194255829,0.0
123,24,0.47744840383529663,0.0
123,25,-5.437332630157471,0.0
123,26,-5.066491603851318,0.0
123,27,-5.010244369506836,0.0
123,28,-4.8636579513549805,0.0
123,29,-4.750893592834473,0.0
123,30,-5.78314733505249,0.0
123,31,-5.716601371765137,0.0
123,32,-5.813581466674805,0.0
123,33,-6.031933784484863,0.0
123,34,-6.121791839599609,0.0
123,35,-6.090431213378906,0.0
123,36,-6.055859088897705,0.0
123,37,-6.110831260681152,0.0
123,38,-6.142882347106934,0.0
123,39,-6.164187431335449,0.0
123,40,-6.17490816116333,0.0
123,41,-6.183902740478516,0.0
123,42,-6.188567161560059,0.0
123,43,-6.191936016082764,0.0
123,44,-6.193166732788086,0.0
123,45,-6.193090438842773,0.0
123,46,-6.192529678344727,0.0
123,47,-6.191157817840576,0.0
123,48,-6.186668395996094,0.0
124,0,-0.5748564004898071,0.0
124,1,0.05428345501422882,0.0
125,0,-4.877658843994141,0.0
125,1,-1.3871856927871704,0.0
125,2,-1.0446460247039795,0.0
125,3,-0.9859805107116699,0.0
125,4,-0.992592453956604,0.0
125,5,-0.7954197525978088,0.0
125,6,-0.744013786315918,0.0
125,7,-0.3681189715862274,0.0
125,8,-0.3088473081588745,0.0
125,9,-0.25128868222236633,0.0
125,10,-0.18926379084587097,0.0
125,11,-0.13167011737823486,0.0
125,12,-0.09622703492641449,0.0
125,13,-0.06407703459262848,0.0
125,14,-0.034413229674100876,0.0
125,15,0.012170124799013138,0.0
125,16,0.10515828430652618,0.0
125,17,0.12354479730129242,0.0
125,18,0.059702713042497635,0.0
125,19,-0.29306742548942566,0.0
125,20,-0.6789171695709229,0.0
125,21,-1.6928459405899048,0.0
125,22,-2.2498984336853027,0.0
125,23,-2.7498228549957275,0.0
125,24,-4.07878303527832,0.0
126,0,-4.918878078460693,0.0
126,1,-0.45360496640205383,0.0
126,2,0.0469491221010685,0.0
127,0,-5.560032844543457,-7.0
127,1,-5.143069267272949,-7.0
127,2,-2.7921271324157715,-7.0
127,3,-2.6720805168151855,-7.0
127,4,-2.219996452331543,-7.0
127,5,-1.0183813571929932,-7.0
127,6,0.019951922819018364,-7.0
127,7,-0.0032051075249910355,-7.0
127,8,0.04800322651863098,-7.0
127,9,0.18399372696876526,-7.0
127,10,0.17797204852104187,-7.0
128,0,-6.245217323303223,0.0
128,1,-6.39003324508667,0.0
128,2,-6.377055644989014,0.0
128,3,-6.110222339630127,0.0
128,4,-6.086747169494629,0.0
128,5,-5.605248928070068,0.0
128,6,-6.830297946929932,0.0
128,7,-6.7079997062683105,0.0
128,8,-6.855752944946289,0.0
128,9,-6.796175003051758,0.0
128,10,-6.722889423370361,0.0
128,11,-6.803730487823486,0.0
129,0,-4.246917724609375,0.0
129,1,0.3324054181575775,0.0
130,0,-0.9637778401374817,0.0
130,1,0.08138330280780792,0.0
130,2,0.1949208676815033,0.0
130,3,0.10933685302734375,0.0
131,0,-6.593633651733398,0.0
131,1,-0.686742901802063,0.0
131,2,-0.4706859290599823,0.0
131,3,0.002948805456981063,0.0
131,4,0.06894901394844055,0.0
131,5,-0.2081378698348999,0.0
132,0,-4.738326072692871,0.0
132,1,-2.70245361328125,0.0
132,2,-1.1515127420425415,0.0
132,3,-0.17121027410030365,0.0
132,4,-0.23704354465007782,0.0
132,5,-0.008697351440787315,0.0
132,6,-0.04781046882271767,0.0
133,0,-1.1222268342971802,0.0
134,0,-4.622650146484375,0.0
134,1,-1.9607754945755005,0.0
134,2,-0.8586000204086304,0.0
134,3,-0.08916932344436646,0.0
134,4,-0.797063410282135,0.0
135,0,-1.7936151027679443,0.0
135,1,-0.21538710594177246,0.0
135,2,0.5363883972167969,0.0
136,0,-2.9795351028442383,0.0
137,0,-0.4025886058807373,0.0
138,0,-6.5227484703063965,0.0
138,1,-5.083391189575195,0.0
138,2,-3.4255518913269043,0.0
138,3,-2.5373568534851074,0.0
138,4,-0.7544366121292114,0.0
138,5,-0.20121987164020538,0.0
138,6,-0.10858932137489319,0.0
138,7,-0.033426832407712936,0.0
138,8,0.06840987503528595,0.0
138,9,-0.015369606204330921,0.0
138,10,-0.10214240849018097,0.0
138,11,-0.004860249347984791,0.0
138,12,0.10500483214855194,0.0
138,13,0.057343143969774246,0.0
138,14,0.11178353428840637,0.0
139,0,-1.306575894355774,0.0
139,1,-2.023555040359497,0.0
139,2,-0.054069213569164276,0.0
139,3,0.17204752564430237,0.0
140,0,-6.872353553771973,0.0
140,1,-5.18259334564209,0.0
140,2,-3.89593505859375,0.0
140,3,-3.0166101455688477,0.0
140,4,-2.6993014812469482,0.0
140,5,-2.073683261871338,0.0
140,6,-1.0257421731948853,0.0
140,7,-0.6750239729881287,0.0
140,8,-0.4943363666534424,0.0
140,9,-0.3482866883277893,0.0
140,10,-0.22319522500038147,0.0
140,11,-0.1231725737452507,0.0
140,12,-1.0590388774871826,0.0
140,13,-1.8166061639785767,0.0
140,14,-2.291982889175415,0.0
141,0,-4.261663436889648,-20.0
141,1,-0.2883716821670532,-20.0
141,2,-0.2763060927391052,-20.0
141,3,-0.2768816351890564,-20.0
141,4,-0.20229408144950867,-20.0
141,5,-0.21390768885612488,-20.0
141,6,-0.06780696660280228,-20.0
141,7,-0.12946900725364685,-20.0
141,8,-0.09367600828409195,-20.0
141,9,-0.10016032308340073,-20.0
141,10,0.02245824970304966,-20.0
141,11,0.021384665742516518,-20.0
141,12,-0.00017938599921762943,-20.0
141,13,-0.13638468086719513,-20.0
141,14,-0.1516467034816742,-20.0
141,15,-0.14577247202396393,-20.0
141,16,-0.1606656014919281,-20.0
141,17,-0.1567748337984085,-20.0
141,18,-0.8038127422332764,-20.0
141,19,-0.7996869087219238,-20.0
141,20,-0.9197208285331726,-20.0
141,21,-1.8310905694961548,-20.0
141,22,-2.086683988571167,-20.0
141,23,-2.2304694652557373,-20.0
141,24,-1.2242027521133423,-20.0
141,25,-0.543718159198761,-20.0
141,26,-0.3459663689136505,-20.0
141,27,-0.4581141471862793,-20.0
141,28,-0.23724918067455292,-20.0
141,29,-0.2322709858417511,-20.0
142,0,-3.37202787399292,0.0
142,1,-1.065686583518982,0.0
142,2,0.3003847897052765,0.0
143,0,0.20362725853919983,0.0
143,1,0.38057756423950195,0.0
144,0,-0.42491239309310913,0.0
144,1,-0.06111820787191391,0.0
144,2,0.21221758425235748,0.0
144,3,-0.12481671571731567,0.0
144,4,0.36431315541267395,0.0
145,0,-1.33085036277771,0.0
146,0,-4.3109941482543945,0.0
146,1,-5.3319573402404785,0.0
146,2,-5.253651142120361,0.0
146,3,-5.373543739318848,0.0
146,4,-4.726186275482178,0.0
146,5,-4.134068012237549,0.0
146,6,-4.668241024017334,0.0
146,7,-4.130735874176025,0.0
146,8,-3.5495166778564453,0.0
146,9,-3.078596830368042,0.0
146,10,-2.2414040565490723,0.0
146,11,-1.659651279449463,0.0
146,12,-1.262511134147644,0.0
146,13,-1.079290747642517,0.0
146,14,-0.9955437183380127,0.0
146,15,-0.8906137943267822,0.0
146,16,-0.6882317066192627,0.0
146,17,-0.6350927352905273,0.0
146,18,-0.5766019821166992,0.0
146,19,-0.17412126064300537,0.0
146,20,-0.11734294891357422,0.0
146,21,0.033599331974983215,0.0
146,22,0.08195564150810242,0.0
146,23,0.12810418009757996,0.0
146,24,0.17164269089698792,0.0
146,25,0.21240125596523285,0.0
146,26,-0.4770682752132416,0.0
146,27,-1.6403822898864746,0.0
146,28,-3.1744556427001953,0.0
146,29,-2.666449546813965,0.0
146,30,-4.142877101898193,0.0
146,31,-5.398732662200928,0.0
146,32,-6.317325115203857,0.0
146,33,-6.945694446563721,0.0
146,34,-7.370429515838623,0.0
146,35,-7.65960168838501,0.0
146,36,-7.859696865081787,0.0
146,37,-8.000326156616211,0.0
146,38,-8.101018905639648,0.0
146,39,-8.173751831054688,0.0
146,40,-8.226977348327637,0.0
147,0,-4.854623317718506,0.0
147,1,-0.4276125133037567,0.0
148,0,-0.21674051880836487,0.0
148,1,-0.4636455774307251,0.0
148,2,-0.3875255584716797,0.0
148,3,-0.10594327002763748,0.0
148,4,0.2378300130367279,0.0
148,5,0.40630218386650085,0.0
148,6,0.4796501100063324,0.0
149,0,-5.731668949127197,0.0
149,1,-2.871042251586914,0.0
149,2,-2.671215057373047,0.0
149,3,-2.5075011253356934,0.0
149,4,-2.637071132659912,0.0
149,5,-2.751882314682007,0.0
149,6,-2.600411891937256,0.0
149,7,-2.081794023513794,0.0
149,8,-1.707148790359497,0.0
149,9,-1.5095477104187012,0.0
149,10,-1.3374077081680298,0.0
149,11,-1.351652979850769,0.0
149,12,-1.202837347984314,0.0
149,13,-0.8096234798431396,0.0
149,14,-0.6903515458106995,0.0
149,15,-0.5404218435287476,0.0
149,16,-0.4293171167373657,0.0
149,17,-0.335615873336792,0.0
149,18,-0.2824926972389221,0.0
149,19,-0.237729012966156,0.0
149,20,-0.7454328536987305,0.0
149,21,-0.6119105815887451,0.0
149,22,-0.521739661693573,0.0
149,23,-0.4263474941253662,0.0
149,24,-0.3649332523345947,0.0
149,25,-0.2853677272796631,0.0
149,26,-0.23810356855392456,0.0
149,27,-0.17572642862796783,0.0
149,28,-0.14017429947853088,0.0
149,29,-0.10748420655727386,0.0
149,30,-0.24270524084568024,0.0
149,31,-0.19930580258369446,0.0
149,32,-0.16079659759998322,0.0
149,33,-0.1263979822397232,0.0
149,34,-0.22424985468387604,0.0
149,35,-0.3211299777030945,0.0
149,36,-0.2722005248069763,0.0
149,37,-0.3586593270301819,0.0
149,38,-0.44437652826309204,0.0
149,39,-0.5286478400230408,0.0
149,40,-0.6124895811080933,0.0
149,41,-0.5401568412780762,0.0
149,42,-0.6141009330749512,0.0
149,43,-0.687021017074585,0.0
149,44,-0.7588611245155334,0.0
149,45,-0.8348975777626038,0.0
149,46,-0.9260648488998413,0.0
150,0,-0.31977370381355286,0.0
150,1,0.5108658671379089,0.0
151,0,-6.434844493865967,0.0
151,1,-0.5437316298484802,0.0
151,2,0.4534900486469269,0.0
151,3,-0.8966508507728577,0.0
152,0,-0.30085501074790955,0.0
152,1,0.6169496178627014,0.0
153,0,-8.384780883789062,0.0
153,1,-3.019277572631836,0.0
153,2,0.3576175272464752,0.0
153,3,0.5232935547828674,0.0
153,4,0.5323388576507568,0.0
153,5,0.6114522814750671,0.0
153,6,0.36487218737602234,0.0
153,7,0.3451594412326813,0.0
154,0,-0.3656470775604248,0.0
154,1,0.14818477630615234,0.0
155,0,-4.981643199920654,0.0
155,1,-3.375497579574585,0.0
155,2,-6.653217792510986,0.0
156,0,-0.4200456738471985,0.0
157,0,-3.467665910720825,0.0
157,1,-1.1789895296096802,0.0
157,2,-0.7959778308868408,0.0
157,3,0.10942750424146652,0.0
157,4,0.32236677408218384,0.0
157,5,0.22018712759017944,0.0
157,6,-0.03569934517145157,0.0
158,0,-4.098780155181885,0.0
158,1,-2.342956066131592,0.0
158,2,-1.688033938407898,0.0
158,3,-0.5855947136878967,0.0
158,4,-0.42848679423332214,0.0
158,5,-0.10041181743144989,0.0
158,6,0.028370577841997147,0.0
158,7,-0.422703355550766,0.0
158,8,-0.22253654897212982,0.0
159,0,-2.021435260772705,0.0
159,1,-1.1620941162109375,0.0
159,2,0.5095661878585815,0.0
159,3,-5.962421894073486,0.0
160,0,-6.435227870941162,0.0
160,1,-6.113298416137695,0.0
160,2,-4.730864524841309,0.0
160,3,-3.188070297241211,0.0
160,4,-2.3952159881591797,0.0
160,5,-1.110791802406311,0.0
160,6,-0.8958193063735962,0.0
160,7,-0.5472803711891174,0.0
160,8,-0.15475447475910187,0.0
160,9,-0.03708148002624512,0.0
160,10,0.007777602411806583,0.0
160,11,-0.0036565056070685387,0.0
160,12,0.034607842564582825,0.0
160,13,0.02538466453552246,0.0
160,14,0.01785069704055786,0.0
160,15,0.04399758577346802,0.0
160,16,0.032862141728401184,0.0
161,0,-8.313383102416992,-3.0
161,1,-8.46241569519043,-3.0
161,2,-8.619714736938477,-3.0
161,3,-8.407180786132812,-3.0
161,4,-7.949154853820801,-3.0
161,5,-7.237264156341553,-3.0
161,6,-6.155869483947754,-3.0
161,7,-9.360158920288086,-3.0
161,8,-9.274685859680176,-3.0
161,9,-8.786975860595703,-3.0
161,10,-8.32366943359375,-3.0
161,11,-7.57356071472168,-3.0
161,12,-6.878472328186035,-3.0
161,13,-5.5684356689453125,-3.0
161,14,-6.586458206176758,-3.0
161,15,-7.006180763244629,-3.0
161,16,-7.326750755310059,-3.0
161,17,-7.567763328552246,-3.0
162,0,-3.9932093620300293,0.0
162,1,-2.217790126800537,0.0
162,2,-1.8990609645843506,0.0
162,3,-0.7786720991134644,0.0
162,4,-0.553770124912262,0.0
162,5,-0.24935948848724365,0.0
162,6,-0.05989883467555046,0.0
162,7,0.05484442785382271,0.0
162,8,0.04894806817173958,0.0
162,9,0.20150890946388245,0.0
162,10,0.14864270389080048,0.0
163,0,-1.1707677841186523,0.0
163,1,-0.533659040927887,0.0
163,2,0.43492740392684937,0.0
164,0,-0.6799176931381226,0.0
164,1,-0.021742625162005424,0.0
164,2,-0.35431167483329773,0.0
165,0,-8.51891803741455,0.0
165,1,-1.2873969078063965,0.0
165,2,-1.195980191230774,0.0
165,3,-3.0837631225585938,0.0
166,0,-0.2627808153629303,0.0
166,1,0.2092689424753189,0.0
166,2,-1.3990205526351929,0.0
167,0,0.4477609395980835,0.0
167,1,0.5375493764877319,0.0
168,0,-1.2431365251541138,0.0
168,1,-0.15395262837409973,0.0
169,0,-2.278270721435547,0.0
169,1,0.08858665823936462,0.0
169,2,0.4907003939151764,0.0
169,3,0.46397238969802856,0.0
169,4,0.5829471945762634,0.0
169,5,0.6366497278213501,0.0
169,6,0.3972295820713043,0.0
170,0,-1.1579961776733398,0.0
171,0,-2.5871028900146484,0.0
171,1,-5.281713008880615,0.0
171,2,-4.904065132141113,0.0
171,3,-4.946045875549316,0.0
171,4,-4.14077091217041,0.0
171,5,-4.014138221740723,0.0
171,6,-3.5689244270324707,0.0
171,7,-3.584028720855713,0.0
171,8,-2.848961114883423,0.0
171,9,-2.8081812858581543,0.0
171,10,-2.5642688274383545,0.0
171,11,-2.5176892280578613,0.0
171,12,-2.494462490081787,0.0
171,13,-2.4146735668182373,0.0
171,14,-2.180471420288086,0.0
171,15,-2.268557548522949,0.0
171,16,-1.9795658588409424,0.0
171,17,-1.603535532951355,0.0
171,18,-1.3852885961532593,0.0
171,19,-1.2876088619232178,0.0
171,20,-1.0317199230194092,0.0
171,21,-1.1599934101104736,0.0
171,22,-1.2905601263046265,0.0
171,23,-1.2334394454956055,0.0
171,24,-1.3579425811767578,0.0
171,25,-1.2963818311691284,0.0
171,26,-1.2382067441940308,0.0
171,27,-2.3658833503723145,0.0
171,28,-2.260035514831543,0.0
171,29,-2.1301589012145996,0.0
171,30,-2.090824604034424,0.0
171,31,-2.0357933044433594,0.0
171,32,-1.9729095697402954,0.0
171,33,-2.2827296257019043,0.0
171,34,-2.644818067550659,0.0
171,35,-2.9856443405151367,0.0
171,36,-3.33870792388916,0.0
171,37,-3.6966142654418945,0.0
171,38,-4.052310943603516,0.0
171,39,-4.390765190124512,0.0
171,40,-4.711819648742676,0.0
171,41,-5.016291618347168,0.0
171,42,-6.334493637084961,0.0
171,43,-7.519164085388184,0.0
171,44,-7.738519668579102,0.0
171,45,-8.977944374084473,0.0
172,0,-10.126538276672363,0.0
172,1,-1.1607260704040527,0.0
172,2,-9.709890365600586,0.0
173,0,-2.7130370140075684,0.0
173,1,-2.793511390686035,0.0
173,2,-0.8505590558052063,0.0
173,3,-0.7590634226799011,0.0
173,4,-0.6027871966362,0.0
173,5,-1.385860800743103,0.0
173,6,-1.6501033306121826,0.0
174,0,-2.6987249851226807,0.0
174,1,-1.8077523708343506,0.0
174,2,-1.6472358703613281,0.0
174,3,-0.6343709230422974,0.0
174,4,-0.5518887639045715,0.0
174,5,-2.3121719360351562,0.0
175,0,-0.15004606544971466,0.0
175,1,0.4898712635040283,0.0
175,2,0.6463330388069153,0.0
176,0,-0.44755303859710693,0.0
176,1,0.16714128851890564,0.0
176,2,-2.08587384223938,0.0
177,0,-0.29776567220687866,0.0
178,0,-5.160452842712402,0.0
178,1,-2.0268986225128174,0.0
178,2,-1.569022297859192,0.0
178,3,-0.9882371425628662,0.0
178,4,-0.8710547089576721,0.0
178,5,-0.19249293208122253,0.0
178,6,-0.19312849640846252,0.0
178,7,0.043937280774116516,0.0
178,8,0.25665754079818726,0.0
178,9,0.2739643156528473,0.0
178,10,0.286652535200119,0.0
178,11,0.2989489734172821,0.0
178,12,0.33931851387023926,0.0
178,13,0.3477971851825714,0.0
178,14,0.3552689254283905,0.0
178,15,0.36869046092033386,0.0
178,16,0.3811226785182953,0.0
178,17,0.38303133845329285,0.0
178,18,0.33936160802841187,0.0
178,19,0.3476637899875641,0.0
178,20,0.3123107850551605,0.0
178,21,0.3239004611968994,0.0
178,22,0.2908388078212738,0.0
178,23,0.25829723477363586,0.0
178,24,0.22359123826026917,0.0
178,25,0.18553778529167175,0.0
178,26,0.13728970289230347,0.0
179,0,-0.16166549921035767,0.0
180,0,-0.16935378313064575,0.0
180,1,0.3335301876068115,0.0
180,2,0.2648107409477234,0.0
180,3,0.38547277450561523,0.0
181,0,0.24306754767894745,0.0
182,0,0.3647838532924652,0.0
183,0,-1.1384148597717285,-1.0
183,1,-1.3418346643447876,-1.0
183,2,-0.8348593711853027,-1.0
183,3,-0.8594526052474976,-1.0
183,4,-0.04941951110959053,-1.0
183,5,-3.319425582885742,-1.0
183,6,-0.24445438385009766,-1.0
183,7,0.03551200404763222,-1.0
183,8,0.22898298501968384,-1.0
183,9,0.3663201630115509,-1.0
183,10,0.13290995359420776,-1.0
183,11,-0.26728931069374084,-1.0
183,12,-0.9608263373374939,-1.0
184,0,0.2990015149116516,-11.0
184,1,0.2999075949192047,-11.0
184,2,0.3276398777961731,-11.0
184,3,0.07111530750989914,-11.0
184,4,0.3530636727809906,-11.0
184,5,0.3624090254306793,-11.0
184,6,0.38124436140060425,-11.0
184,7,-1.4104909896850586,-11.0
184,8,-1.021572232246399,-11.0
184,9,-1.5526641607284546,-11.0
184,10,-4.348451614379883,-11.0
184,11,-5.490794658660889,-11.0
184,12,-1.0644806623458862,-11.0
184,13,-1.1642316579818726,-11.0
184,14,-1.0761404037475586,-11.0
184,15,-1.6707780361175537,-11.0
185,0,-0.3811037242412567,0.0
185,1,-0.1353522390127182,0.0
185,2,-0.02824718877673149,0.0
185,3,0.07448016107082367,0.0
185,4,0.4326382577419281,0.0
186,0,-0.30822616815567017,-1.0
186,1,-0.45464572310447693,-1.0
186,2,0.04018593579530716,-1.0
186,3,0.4278348982334137,-1.0
186,4,-0.2529769241809845,-1.0
187,0,-0.09826456010341644,0.0
188,0,0.7519738674163818,0.0
188,1,0.7868401408195496,0.0
188,2,0.8190028667449951,0.0
188,3,0.35177141427993774,0.0
188,4,0.3006744980812073,0.0
188,5,0.25105249881744385,0.0
188,6,0.2581884264945984,0.0
188,7,0.251554012298584,0.0
188,8,0.08849187195301056,0.0
188,9,-0.06430545449256897,0.0
188,10,-0.23112167418003082,0.0
189,0,-6.374072074890137,0.0
189,1,-0.010957708582282066,0.0
189,2,0.11573883146047592,0.0
190,0,-0.6374845504760742,0.0
190,1,-0.3906089663505554,0.0
190,2,-0.31202659010887146,0.0
190,3,-0.16555483639240265,0.0
190,4,-0.29183346033096313,0.0
190,5,-0.13069015741348267,0.0
190,6,-0.031235957518219948,0.0
190,7,-0.015756184235215187,0.0
190,8,0.037028200924396515,0.0
190,9,-0.04104026407003403,0.0
190,10,0.028860008344054222,0.0
190,11,0.08004952222108841,0.0
190,12,0.03167743235826492,0.0
190,13,-0.03471209853887558,0.0
190,14,-0.1425967812538147,0.0
190,15,0.053696341812610626,0.0
190,16,0.15409955382347107,0.0
191,0,-1.6400790214538574,0.0
191,1,-2.0502119064331055,0.0
191,2,-0.07328341901302338,0.0
191,3,-0.04786142706871033,0.0
191,4,-0.6910818219184875,0.0
192,0,-2.405825614929199,0.0
192,1,-0.8445481657981873,0.0
192,2,-1.2354482412338257,0.0
192,3,-0.5988950133323669,0.0
192,4,-0.4301052987575531,0.0
193,0,-1.3396782875061035,0.0
193,1,-0.008995423093438148,0.0
193,2,-0.33516666293144226,0.0
193,3,-0.5192303657531738,0.0
194,0,-3.8358001708984375,0.0
194,1,-1.6212420463562012,0.0
194,2,-1.7374329566955566,0.0
194,3,-0.5590887665748596,0.0
195,0,-1.8498461246490479,0.0
195,1,-0.7043396234512329,0.0
195,2,-0.6156548857688904,0.0
195,3,-0.09308944642543793,0.0
195,4,-0.08106870949268341,0.0
195,5,0.02004670724272728,0.0
195,6,0.03105088695883751,0.0
195,7,-0.012185994535684586,0.0
195,8,0.052450936287641525,0.0
195,9,-0.053071994334459305,0.0
196,0,-4.210442066192627,0.0
196,1,-0.7763281464576721,0.0
196,2,0.061931926757097244,0.0
196,3,-0.4184585511684418,0.0
197,0,-10.006438255310059,0.0
197,1,-2.4496257305145264,0.0
198,0,-9.733325004577637,0.0
198,1,-3.355167865753174,0.0
198,2,-2.683023452758789,0.0
198,3,-0.34349673986434937,0.0
198,4,-0.10359001159667969,0.0
198,5,-0.6985421180725098,0.0
198,6,-4.155449390411377,0.0
199,0,-2.2969861030578613,0.0
199,1,-1.2475439310073853,0.0
199,2,-0.9338544011116028,0.0
199,3,-0.5661947727203369,0.0
199,4,-0.5013182163238525,0.0
199,5,-0.2739083170890808,0.0
199,6,-0.28323885798454285,0.0
199,7,-0.1953398734331131,0.0
199,8,-0.015135126188397408,0.0
199,9,-0.2703704237937927,0.0
199,10,-0.1123458594083786,0.0
199,11,0.004960997030138969,0.0
199,12,0.054300740361213684,0.0
199,13,-0.1130477637052536,0.0
199,14,-0.38610178232192993,0.0
200,0,-1.0487375259399414,0.0
200,1,-0.17453917860984802,0.0
201,0,-0.7407603859901428,0.0
202,0,-0.9581865668296814,0.0
202,1,0.37308913469314575,0.0
202,2,0.40031301975250244,0.0
203,0,-3.386798620223999,0.0
203,1,-0.46041253209114075,0.0
203,2,-0.26641836762428284,0.0
204,0,-1.0331603288650513,0.0
204,1,0.09093109518289566,0.0
205,0,-2.6295502185821533,0.0
205,1,0.11627185344696045,0.0
205,2,0.21011334657669067,0.0
206,0,-0.2769259512424469,0.0
207,0,-0.20884598791599274,0.0
208,0,-2.7217371463775635,0.0
208,1,-0.28161925077438354,0.0
208,2,-0.04795759543776512,0.0
209,0,-0.9031181335449219,0.0
210,0,-0.7375569939613342,0.0
210,1,0.12107978016138077,0.0
210,2,0.17635540664196014,0.0
210,3,0.20348554849624634,0.0
210,4,-0.018161768093705177,0.0
210,5,-0.03198391944169998,0.0
210,6,-0.010147759690880775,0.0
211,0,-4.0628180503845215,0.0
211,1,-0.15505436062812805,0.0
211,2,-0.03793557733297348,0.0
212,0,-3.635014295578003,-1.0
212,1,-2.0540196895599365,-1.0
212,2,-0.0086415596306324,-1.0
212,3,-0.6647712588310242,-1.0
212,4,-0.3324664831161499,-1.0
213,0,-1.1570087671279907,0.0
213,1,-0.24947486817836761,0.0
213,2,0.2030252367258072,0.0
213,3,0.1926252543926239,0.0
213,4,0.26256996393203735,0.0
213,5,0.1711748093366623,0.0
213,6,-0.09817446023225784,0.0
214,0,-0.9769158959388733,0.0
214,1,0.3490665853023529,0.0
214,2,0.4404347836971283,0.0
215,0,-0.29409921169281006,0.0
215,1,0.3723801076412201,0.0
215,2,0.4559621810913086,0.0
215,3,-0.15652820467948914,0.0
216,0,-1.6116416454315186,0.0
216,1,0.18320760130882263,0.0
216,2,0.21021024882793427,0.0
216,3,0.44889339804649353,0.0
216,4,0.5071194767951965,0.0
216,5,0.5168294906616211,0.0
216,6,0.5021184682846069,0.0
217,0,-4.859923362731934,0.0
217,1,-1.6095906496047974,0.0
217,2,-0.6496347784996033,0.0
217,3,-2.1884522438049316,0.0
218,0,-1.1887935400009155,-1.0
218,1,0.35190123319625854,-1.0
218,2,0.2613086998462677,-1.0
218,3,0.018186388537287712,-1.0
219,0,-0.7987804412841797,0.0
219,1,-0.10349972546100616,0.0
219,2,-0.056245677173137665,0.0
220,0,-4.131285667419434,0.0
220,1,-1.874106526374817,0.0
220,2,-0.12520691752433777,0.0
220,3,0.0031764525920152664,0.0
221,0,-4.041008949279785,0.0
221,1,-0.14579035341739655,0.0
221,2,-0.0030940864235162735,0.0
221,3,0.34211960434913635,0.0
221,4,0.21789728105068207,0.0
221,5,0.37575793266296387,0.0
222,0,-4.460195064544678,0.0
222,1,-0.8967315554618835,0.0
222,2,0.02479579672217369,0.0
223,0,-6.053644180297852,0.0
223,1,0.012272004038095474,0.0
223,2,-1.0078778266906738,0.0
224,0,-3.4163389205932617,0.0
225,0,-1.099585771560669,0.0
225,1,-0.6694694757461548,0.0
225,2,-0.16949710249900818,0.0
225,3,-0.5646907091140747,0.0
226,0,-0.18415696918964386,-3.0
226,1,-0.7107038497924805,-3.0
226,2,-1.099481463432312,-3.0
226,3,-0.2183026373386383,-3.0
226,4,-0.013734238222241402,-3.0
226,5,0.29119226336479187,-3.0
226,6,0.11066153645515442,-3.0
226,7,0.2180638164281845,-3.0
227,0,-1.010393738746643,0.0
227,1,-1.2544338703155518,0.0
227,2,-0.7705293297767639,0.0
227,3,-0.4308735728263855,0.0
227,4,-0.3847619891166687,0.0
227,5,-0.27972012758255005,0.0
227,6,-0.291866272687912,0.0
227,7,-0.28652164340019226,0.0
227,8,-0.2163788378238678,0.0
227,9,-0.05810565501451492,0.0
227,10,-0.032184191048145294,0.0
227,11,-0.1191655769944191,0.0
227,12,-0.09609676152467728,0.0
227,13,-0.21277955174446106,0.0
227,14,-0.02731681615114212,0.0
227,15,-0.09912727028131485,0.0
227,16,-0.014482863247394562,0.0
228,0,-2.942427635192871,0.0
228,1,0.03075404465198517,0.0
229,0,-1.6782652139663696,0.0
229,1,-0.19644957780838013,0.0
229,2,-0.06450746953487396,0.0
229,3,0.14466293156147003,0.0
229,4,-0.13726957142353058,0.0
230,0,-1.2711877822875977,0.0
230,1,-0.8557859659194946,0.0
230,2,-0.5034661889076233,0.0
230,3,-0.31205013394355774,0.0
230,4,-0.2283405214548111,0.0
230,5,-0.3464200794696808,0.0
230,6,-0.19462662935256958,0.0
230,7,-0.41767990589141846,0.0
230,8,-0.3036515414714813,0.0
231,0,-6.927515506744385,0.0
231,1,-1.2671756744384766,0.0
231,2,-1.3676199913024902,0.0
231,3,-0.4184338450431824,0.0
232,0,-2.5430171489715576,0.0
233,0,-7.105855464935303,0.0
233,1,-6.943317413330078,0.0
233,2,-7.214291572570801,0.0
233,3,-6.734493732452393,0.0
233,4,-6.480745315551758,0.0
233,5,-6.118810176849365,0.0
233,6,-5.94623327255249,0.0
233,7,-3.7361652851104736,0.0
233,8,-2.5299036502838135,0.0
233,9,-2.029271125793457,0.0
233,10,-1.7466851472854614,0.0
233,11,-1.2450001239776611,0.0
233,12,-0.9871572852134705,0.0
233,13,-0.9527574777603149,0.0
233,14,-0.8468915820121765,0.0
233,15,-0.8220626711845398,0.0
233,16,-0.6962992548942566,0.0
233,17,-0.5705359578132629,0.0
233,18,-0.5404852628707886,0.0
233,19,-0.5103841423988342,0.0
233,20,-0.45417311787605286,0.0
233,21,-0.293147474527359,0.0
233,22,-0.23395156860351562,0.0
233,23,-0.20481905341148376,0.0
233,24,-0.23845145106315613,0.0
233,25,-0.20517167448997498,0.0
233,26,-0.17284119129180908,0.0
233,27,-0.1431020200252533,0.0
233,28,-0.0836394652724266,0.0
233,29,-0.05707802623510361,0.0
233,30,-0.06989426165819168,0.0
233,31,-0.040605925023555756,0.0
233,32,-0.05381917208433151,0.0
233,33,-0.025959335267543793,0.0
233,34,-0.03924792259931564,0.0
233,35,-0.053217627108097076,0.0
233,36,-0.023569665849208832,0.0
233,37,-0.03772350400686264,0.0
233,38,-0.05330993980169296,0.0
233,39,-0.023972250521183014,0.0
233,40,-0.040523938834667206,0.0
233,41,-0.061432041227817535,0.0
233,42,-0.08529863506555557,0.0
233,43,-0.1124705895781517,0.0
233,44,-0.1432952582836151,0.0
233,45,-0.1790754199028015,0.0
233,46,-0.21980419754981995,0.0
233,47,-0.26752737164497375,0.0
233,48,-0.3298300802707672,0.0
234,0,-2.9890706539154053,-3.0
234,1,-5.927164554595947,-3.0
234,2,-0.639400839805603,-3.0
234,3,-0.21213895082473755,-3.0
234,4,0.026571424677968025,-3.0
234,5,0.037148550152778625,-3.0
235,0,-0.17667259275913239,-1.0
235,1,-0.6606560945510864,-1.0
235,2,-0.4866022765636444,-1.0
235,3,-0.3057931959629059,-1.0
235,4,-0.2097204327583313,-1.0
235,5,-0.2342294454574585,-1.0
236,0,-4.272168159484863,0.0
236,1,-2.9499623775482178,0.0
236,2,-0.7156681418418884,0.0
236,3,-0.4408574402332306,0.0
236,4,-0.8382079601287842,0.0
236,5,-0.7572808265686035,0.0
236,6,-0.33985573053359985,0.0
236,7,-0.44679200649261475,0.0
236,8,-0.27057981491088867,0.0
236,9,-0.4415333867073059,0.0
237,0,-1.691986322402954,0.0
238,0,-1.4190375804901123,0.0
238,1,-1.0455412864685059,0.0
238,2,-0.6678997874259949,0.0
238,3,-1.0136082172393799,0.0
239,0,-2.75811767578125,0.0
239,1,-1.0593622922897339,0.0
239,2,-0.2697106599807739,0.0
239,3,-0.7516262531280518,0.0
239,4,-0.8356562852859497,0.0
240,0,-1.851524829864502,0.0
240,1,-0.927742063999176,0.0
240,2,-0.7358309626579285,0.0
240,3,-0.30705171823501587,0.0
240,4,-0.19146648049354553,0.0
240,5,-0.2291615605354309,0.0
240,6,-0.16048681735992432,0.0
240,7,-0.14623728394508362,0.0
240,8,-0.08440094441175461,0.0
240,9,-0.04835023730993271,0.0
240,10,-0.039595894515514374,0.0
240,11,-0.013939553871750832,0.0
240,12,-0.09130536764860153,0.0
240,13,-0.0403880700469017,0.0
240,14,-0.023433620110154152,0.0
240,15,-0.00947263278067112,0.0
240,16,-0.05443548411130905,0.0
240,17,-0.07037278264760971,0.0
240,18,-0.08613405376672745,0.0
240,19,-0.2529711127281189,0.0
240,20,-0.14336475729942322,0.0
240,21,-0.1788613498210907,0.0
240,22,-0.2825106084346771,0.0
241,0,-1.181878924369812,-2.0
241,1,-5.940898895263672,-2.0
241,2,-1.3692890405654907,-2.0
241,3,-1.2431639432907104,-2.0
241,4,-1.3486506938934326,-2.0
241,5,-0.6650583744049072,-2.0
241,6,-0.4774765968322754,-2.0
241,7,-0.36365842819213867,-2.0
241,8,-0.32140952348709106,-2.0
242,0,-7.1431145668029785,0.0
242,1,-3.756235122680664,0.0
242,2,-3.14699649810791,0.0
242,3,-2.025362730026245,0.0
242,4,-1.5045948028564453,0.0
242,5,-1.5281201601028442,0.0
242,6,-0.7307842373847961,0.0
242,7,-0.5956804156303406,0.0
242,8,-1.9858707189559937,0.0
242,9,-2.755009651184082,0.0
243,0,-3.856989622116089,0.0
243,1,-0.6892263889312744,0.0
243,2,-0.08804014325141907,0.0
243,3,0.06163984537124634,0.0
243,4,-0.04907390475273132,0.0
244,0,0.04168876260519028,0.0
245,0,0.04289241135120392,0.0
246,0,0.1287592500448227,0.0
246,1,0.4294489622116089,0.0
246,2,0.40771394968032837,0.0
246,3,0.46884459257125854,0.0
246,4,0.45067596435546875,0.0
246,5,0.1416139155626297,0.0
247,0,-0.888998806476593,0.0
247,1,0.1590246707201004,0.0
247,2,-0.09049032628536224,0.0
248,0,-0.33237165212631226,0.0
248,1,0.2839927077293396,0.0
249,0,-6.027582168579102,0.0
249,1,0.3623614013195038,0.0
250,0,-1.7614703178405762,0.0
250,1,0.08475388586521149,0.0
250,2,0.14111487567424774,0.0
250,3,0.1724516898393631,0.0
250,4,0.054099638015031815,0.0
251,0,-0.9655858278274536,-1.0
251,1,-0.1489296406507492,-1.0
251,2,-0.11522485315799713,-1.0
251,3,0.08673278987407684,-1.0
251,4,0.2394455522298813,-1.0
252,0,0.10029077529907227,0.0
253,0,-0.1457216441631317,0.0
253,1,0.10799650102853775,0.0
254,0,-8.559919357299805,0.0
254,1,-12.534663200378418,0.0
254,2,-8.15678596496582,0.0
254,3,-2.4006948471069336,0.0
254,4,-1.8835200071334839,0.0
254,5,-1.5457111597061157,0.0
254,6,-0.8707448840141296,0.0
254,7,-0.5941815972328186,0.0
254,8,-0.3692961633205414,0.0
254,9,-0.30188342928886414,0.0
254,10,-0.2226761281490326,0.0
254,11,-0.8919245600700378,0.0
254,12,-1.4497978687286377,0.0
255,0,-2.511427640914917,0.0
255,1,-0.5497399568557739,0.0
255,2,-1.0984697341918945,0.0
256,0,-2.4803552627563477,0.0
256,1,-0.46337586641311646,0.0
256,2,-0.19508087635040283,0.0
256,3,-0.11766771227121353,0.0
256,4,-0.07276249676942825,0.0
256,5,-0.04841386526823044,0.0
256,6,-0.3916285037994385,0.0
257,0,-0.6419869661331177,0.0
258,0,-1.942993402481079,0.0
259,0,-0.6357791423797607,0.0
259,1,-0.035027116537094116,0.0
259,2,-0.019133031368255615,0.0
259,3,0.028518199920654297,0.0
259,4,0.034921854734420776,0.0
259,5,0.04081238806247711,0.0
259,6,0.012042105197906494,0.0
260,0,-2.632518768310547,0.0
260,1,-1.676672339439392,0.0
260,2,-1.3414496183395386,0.0
260,3,-1.387327790260315,0.0
260,4,-1.1146821975708008,0.0
260,5,-1.0666595697402954,0.0
260,6,-0.5378950238227844,0.0
260,7,-0.36806201934814453,0.0
260,8,-0.23303820192813873,0.0
260,9,-0.19487737119197845,0.0
260,10,-0.08376011252403259,0.0
260,11,-0.03585389629006386,0.0
260,12,-0.3775478005409241,0.0
260,13,-0.26438918709754944,0.0
260,14,-0.4443768858909607,0.0
261,0,-5.771285533905029,0.0
261,1,-0.439509779214859,0.0
261,2,-0.1930212676525116,0.0
262,0,-4.262826442718506,-9.0
262,1,-13.818241119384766,-9.0
262,2,-11.973403930664062,-9.0
262,3,-10.906763076782227,-9.0
262,4,-9.500449180603027,-9.0
262,5,-0.6574172377586365,-9.0
262,6,-0.5735869407653809,-9.0
262,7,-0.6977225542068481,-9.0
262,8,-0.5796448588371277,-9.0
262,9,-0.3796713650226593,-9.0
262,10,-0.46854618191719055,-9.0
263,0,-0.3724184036254883,0.0
264,0,-0.2910909652709961,0.0
264,1,-0.0029148608446121216,0.0
265,0,-0.5280820727348328,0.0
266,0,-0.3096994459629059,0.0
266,1,0.001990087330341339,0.0
266,2,0.017191849648952484,0.0
267,0,-4.922955513000488,0.0
267,1,-0.87173992395401,0.0
267,2,-0.31582868099212646,0.0
267,3,0.006720978766679764,0.0
267,4,0.15378975868225098,0.0
267,5,0.21180018782615662,0.0
267,6,0.2534438967704773,0.0
267,7,0.13684025406837463,0.0
268,0,-0.746982216835022,0.0
268,1,-0.12502409517765045,0.0
269,0,-2.0438694953918457,0.0
269,1,-1.328294277191162,0.0
269,2,-0.21208477020263672,0.0
269,3,-0.18039074540138245,0.0
269,4,-0.15540042519569397,0.0
269,5,-0.15135711431503296,0.0
270,0,-0.5884463787078857,0.0
270,1,-0.3522593379020691,0.0
270,2,-0.2724531590938568,0.0
271,0,-1.4707915782928467,0.0
272,0,-0.7876047492027283,0.0
272,1,-0.7196611762046814,0.0
272,2,-0.8724560141563416,0.0
272,3,-0.5506284236907959,0.0
272,4,-0.648695170879364,0.0
272,5,-0.6384206414222717,0.0
272,6,-0.4224546551704407,0.0
272,7,-0.4395749866962433,0.0
272,8,-0.481170654296875,0.0
272,9,-0.4952254295349121,0.0
272,10,-0.39279115200042725,0.0
272,11,-0.3831976652145386,0.0
272,12,-0.37017732858657837,0.0
272,13,-0.3824499845504761,0.0
272,14,-0.41926074028015137,0.0
272,15,-0.4507918357849121,0.0
272,16,-0.49703675508499146,0.0
272,17,-0.5537711381912231,0.0
272,18,-0.7290977835655212,0.0
272,19,-1.2168800830841064,0.0
273,0,-4.751380920410156,0.0
273,1,-5.604085445404053,0.0
273,2,-5.796021938323975,0.0
273,3,-4.929247856140137,0.0
273,4,-4.653493404388428,0.0
273,5,-4.751161098480225,0.0
273,6,-3.7367115020751953,0.0
273,7,-2.279867649078369,0.0
273,8,-2.263914108276367,0.0
273,9,-2.036746025085449,0.0
273,10,-1.6184486150741577,0.0
273,11,-1.5152509212493896,0.0
273,12,-1.5010722875595093,0.0
273,13,-1.2361323833465576,0.0
273,14,-1.1442639827728271,0.0
273,15,-1.1360865831375122,0.0
273,16,-1.029717206954956,0.0
273,17,-1.0130499601364136,0.0
273,18,-0.9280665516853333,0.0
273,19,-0.9059536457061768,0.0
273,20,-0.8825035691261292,0.0
273,21,-0.9358617663383484,0.0
273,22,-0.906438410282135,0.0
273,23,-0.8769203424453735,0.0
273,24,-0.9284406304359436,0.0
273,25,-0.8931756019592285,0.0
273,26,-0.9477759599685669,0.0
273,27,-1.011271357536316,0.0
273,28,-1.0936444997787476,0.0
273,29,-1.1937689781188965,0.0
273,30,-1.3281999826431274,0.0
273,31,-1.253330945968628,0.0
273,32,-1.4173463582992554,0.0
273,33,-1.658881664276123,0.0
273,34,-2.040956497192383,0.0
273,35,-2.732837677001953,0.0
273,36,-4.229629039764404,0.0
273,37,-8.252032279968262,0.0
274,0,-5.793266296386719,0.0
274,1,-2.0260798931121826,0.0
274,2,-0.8264384865760803,0.0
274,3,-1.5418199300765991,0.0
274,4,-1.2358320951461792,0.0
275,0,-0.6767099499702454,-1.0
275,1,-0.4219123423099518,-1.0
275,2,-0.3576326072216034,-1.0
275,3,-0.48584723472595215,-1.0
275,4,-0.2853379249572754,-1.0
275,5,-0.19974258542060852,-1.0
275,6,-0.1331891417503357,-1.0
275,7,-0.24116086959838867,-1.0
276,0,-4.093200206756592,0.0
276,1,-4.191354751586914,0.0
276,2,-4.425458908081055,0.0
276,3,-4.433964729309082,0.0
276,4,-4.189490795135498,0.0
276,5,-3.6747283935546875,0.0
276,6,-3.257457733154297,0.0
276,7,-2.342186212539673,0.0
276,8,-2.1886632442474365,0.0
276,9,-1.7300453186035156,0.0
276,10,-1.3811962604522705,0.0
276,11,-1.4261583089828491,0.0
276,12,-1.234050989151001,0.0
276,13,-0.9257528185844421,0.0
276,14,-0.8465802073478699,0.0
276,15,-0.7455027103424072,0.0
276,16,-0.8378560543060303,0.0
276,17,-0.8345558047294617,0.0
276,18,-0.7921396493911743,0.0
276,19,-0.7460674047470093,0.0
276,20,-0.6675054430961609,0.0
276,21,-0.590758204460144,0.0
276,22,-0.5772321820259094,0.0
276,23,-0.5623089075088501,0.0
276,24,-0.5465623736381531,0.0
276,25,-0.5800334811210632,0.0
276,26,-0.5613201856613159,0.0
276,27,-0.5955041646957397,0.0
276,28,-0.5743053555488586,0.0
276,29,-0.47971686720848083,0.0
276,30,-0.4610649645328522,0.0
276,31,-0.4815434515476227,0.0
276,32,-0.4623104929924011,0.0
276,33,-0.4443771541118622,0.0
276,34,-0.46608054637908936,0.0
276,35,-0.4907873570919037,0.0
276,36,-0.5213645696640015,0.0
276,37,-0.5599768757820129,0.0
276,38,-0.6103947162628174,0.0
276,39,-0.6809175610542297,0.0
276,40,-0.7807329297065735,0.0
276,41,-0.9380232691764832,0.0
276,42,-1.22511625289917,0.0
276,43,-1.8550972938537598,0.0
276,44,-3.9326274394989014,0.0
277,0,-1.0820021629333496,0.0
278,0,-0.855124294757843,0.0
279,0,-1.0117928981781006,0.0
279,1,-0.21961286664009094,0.0
280,0,-0.4489593505859375,0.0
280,1,-0.20813965797424316,0.0
280,2,-0.1880699247121811,0.0
280,3,-0.10324892401695251,0.0
280,4,-0.03397469222545624,0.0
280,5,0.001352742314338684,0.0
280,6,0.03542812913656235,0.0
280,7,0.08374340832233429,0.0
280,8,0.19926950335502625,0.0
280,9,0.21261630952358246,0.0
280,10,0.2527961730957031,0.0
280,11,0.23936985433101654,0.0
280,12,0.24969689548015594,0.0
280,13,0.2575933337211609,0.0
280,14,0.3524503707885742,0.0
280,15,0.3607866168022156,0.0
280,16,0.3680998682975769,0.0
280,17,0.37466633319854736,0.0
280,18,0.379646360874176,0.0
280,19,0.3872111439704895,0.0
280,20,0.3929426670074463,0.0
280,21,0.4001557230949402,0.0
280,22,0.40074241161346436,0.0
280,23,0.4078798294067383,0.0
280,24,0.414594829082489,0.0
280,25,0.4197218418121338,0.0
280,26,0.42944765090942383,0.0
280,27,0.4059404134750366,0.0
280,28,0.4129607677459717,0.0
280,29,0.4200047254562378,0.0
280,30,0.42993640899658203,0.0
280,31,0.4163472652435303,0.0
280,32,0.4252711534500122,0.0
280,33,0.4121749997138977,0.0
280,34,0.3955182433128357,0.0
280,35,0.3724544048309326,0.0
280,36,0.37292182445526123,0.0
280,37,0.34163862466812134,0.0
280,38,0.29492324590682983,0.0
280,39,0.3258882164955139,0.0
280,40,0.26564788818359375,0.0
280,41,0.16719648241996765,0.0
280,42,-0.0092783123254776,0.0
280,43,-0.3604588508605957,0.0
280,44,-1.1646085977554321,0.0
281,0,-1.2857760190963745,-1.0
281,1,-1.0084298849105835,-1.0
281,2,-0.12734778225421906,-1.0
281,3,-0.08050765097141266,-1.0
281,4,-0.060977254062891006,-1.0
281,5,-0.09595610201358795,-1.0
281,6,0.21311263740062714,-1.0
281,7,0.13272960484027863,-1.0
281,8,-0.2693193852901459,-1.0
281,9,-0.6856184601783752,-1.0
282,0,-0.37879154086112976,0.0
283,0,-4.547287940979004,0.0
283,1,0.5882925391197205,0.0
283,2,0.15545877814292908,0.0
284,0,-0.9544681310653687,0.0
284,1,-0.13148710131645203,0.0
284,2,-0.10960986465215683,0.0
284,3,-0.23814162611961365,0.0
285,0,-13.955595970153809,0.0
285,1,-1.7536797523498535,0.0
285,2,-1.0354535579681396,0.0
285,3,-0.7212327718734741,0.0
285,4,-0.5984771847724915,0.0
286,0,-0.4818837344646454,0.0
287,0,-1.3123520612716675,0.0
287,1,-0.48332637548446655,0.0
287,2,0.1210557222366333,0.0
287,3,0.09722338616847992,0.0
287,4,-0.333061546087265,0.0
288,0,-3.9417760372161865,0.0
288,1,-0.7029162049293518,0.0
288,2,-0.6224023103713989,0.0
288,3,-0.5518059730529785,0.0
288,4,-0.5168305039405823,0.0
289,0,-7.716871738433838,0.0
289,1,-1.407589077949524,0.0
289,2,-0.893383264541626,0.0
289,3,-0.5827842950820923,0.0
289,4,-0.47010859847068787,0.0
290,0,-1.0434082746505737,0.0
290,1,-0.7102400064468384,0.0
290,2,-0.4125901460647583,0.0
290,3,-0.3728184700012207,0.0
290,4,-0.3115030527114868,0.0
290,5,-0.23708514869213104,0.0
290,6,-0.05023638904094696,0.0
290,7,-0.04879547655582428,0.0
290,8,0.011243686079978943,0.0
290,9,-0.20864824950695038,0.0
290,10,-0.24316230416297913,0.0
290,11,-0.3899480700492859,0.0
290,12,-0.2330903559923172,0.0
290,13,-0.5378257036209106,0.0
291,0,0.26790326833724976,0.0
291,1,0.31038525700569153,0.0
292,0,0.3133313059806824,0.0
292,1,-0.7574817538261414,0.0
292,2,-0.5275428891181946,0.0
292,3,-0.4022974371910095,0.0
292,4,-0.3399563431739807,0.0
292,5,0.0031757503747940063,0.0
292,6,0.06621074676513672,0.0
292,7,0.08656924962997437,0.0
292,8,0.20288807153701782,0.0
292,9,0.20202724635601044,0.0
292,10,-0.0036294013261795044,0.0
293,0,-1.6536939144134521,0.0
293,1,-1.035981297492981,0.0
293,2,-0.8135769963264465,0.0
293,3,-0.7091940641403198,0.0
293,4,-0.702313244342804,0.0
293,5,-0.4053935408592224,0.0
293,6,-0.5049139857292175,0.0
293,7,-0.6434348225593567,0.0
293,8,-0.4424825608730316,0.0
293,9,-0.6793903112411499,0.0
294,0,0.31280288100242615,0.0
294,1,0.441619873046875,0.0
294,2,-0.5760562419891357,0.0
295,0,-0.5008897185325623,0.0
295,1,0.045422449707984924,0.0
296,0,-2.2013065814971924,0.0
296,1,-0.6240074634552002,0.0
296,2,-1.6738613843917847,0.0
297,0,-4.067889213562012,0.0
297,1,-0.8545932769775391,0.0
297,2,-0.34853804111480713,0.0
297,3,-0.07810967415571213,0.0
298,0,-0.45192277431488037,-16.0
298,1,-0.34920328855514526,-16.0
298,2,-0.5678698420524597,-16.0
298,3,-0.5026820302009583,-16.0
298,4,-0.9197322130203247,-16.0
298,5,-1.263834834098816,-16.0
298,6,-0.9995824098587036,-16.0
298,7,-1.5286723375320435,-16.0
298,8,-0.22154703736305237,-16.0
298,9,0.04293609410524368,-16.0
298,10,0.05778471380472183,-16.0
298,11,0.005072899162769318,-16.0
298,12,0.06728311628103256,-16.0
298,13,0.02511885017156601,-16.0
298,14,0.0741148293018341,-16.0
298,15,0.03823060542345047,-16.0
298,16,0.046240098774433136,-16.0
298,17,0.03842908889055252,-16.0
298,18,-0.026678986847400665,-16.0
298,19,-0.24858716130256653,-16.0
299,0,-0.30109214782714844,0.0
299,1,-0.5998181700706482,0.0
299,2,-0.2916058301925659,0.0
299,3,-0.038085222244262695,0.0
299,4,0.05618041753768921,0.0
300,0,-2.6519594192504883,0.0
301,0,-0.633928656578064,-6.0
301,1,-1.0220911502838135,-6.0
301,2,-1.8743858337402344,-6.0
301,3,-0.4915827512741089,-6.0
301,4,0.2145281285047531,-6.0
301,5,0.2200133353471756,-6.0
301,6,0.1419423222541809,-6.0
301,7,-0.3440161347389221,-6.0
301,8,-0.23418936133384705,-6.0
301,9,0.006238207221031189,-6.0
301,10,-0.21110489964485168,-6.0
301,11,-0.40755701065063477,-6.0
301,12,-0.564333975315094,-6.0
302,0,-3.8379690647125244,-6.0
302,1,-3.7569921016693115,-6.0
302,2,-2.3414976596832275,-6.0
302,3,-2.967327833175659,-6.0
302,4,-0.8119093775749207,-6.0
302,5,-0.5363579988479614,-6.0
302,6,-0.3176998794078827,-6.0
302,7,-0.25481849908828735,-6.0
302,8,-0.5708066821098328,-6.0
302,9,-0.7436942458152771,-6.0
303,0,-0.3344259560108185,0.0
304,0,-0.3776269853115082,0.0
305,0,-1.759892225265503,0.0
306,0,-1.0550390481948853,-2.0
306,1,-1.3100273609161377,-2.0
306,2,-1.2159100770950317,-2.0
306,3,-0.21817882359027863,-2.0
306,4,0.0013540051877498627,-2.0
306,5,-1.0752400159835815,-2.0
306,6,-2.07867169380188,-2.0
307,0,-0.7933234572410583,0.0
307,1,-0.4575977027416229,0.0
308,0,-1.5933868885040283,-1.0
308,1,-0.2921368479728699,-1.0
308,2,0.08674860000610352,-1.0
308,3,-0.07483640313148499,-1.0
308,4,-0.19331824779510498,-1.0
309,0,-1.3664923906326294,0.0
310,0,-1.1974928379058838,0.0
310,1,-0.25083836913108826,0.0
310,2,-0.08070012927055359,0.0
310,3,0.045953262597322464,0.0
310,4,0.0679200142621994,0.0
310,5,0.058188293129205704,0.0
310,6,0.024635497480630875,0.0
310,7,-0.03449001535773277,0.0
310,8,-0.0803517997264862,0.0
310,9,-0.0636187195777893,0.0
310,10,-0.048223938792943954,0.0
310,11,-0.06000220403075218,0.0
310,12,-0.08593079447746277,0.0
310,13,-0.09101837873458862,0.0
311,0,-1.2452027797698975,-3.0
311,1,-0.9924834966659546,-3.0
311,2,-0.8324494361877441,-3.0
311,3,-1.1304961442947388,-3.0
311,4,-1.409090518951416,-3.0
311,5,-1.9774012565612793,-3.0
311,6,-1.4214808940887451,-3.0
311,7,-1.7458863258361816,-3.0
311,8,-1.3495417833328247,-3.0
312,0,-0.6283432841300964,0.0
312,1,-0.2297765165567398,0.0
313,0,-2.2073163986206055,0.0
313,1,-1.361762285232544,0.0
313,2,-0.9281695485115051,0.0
314,0,-0.6960676312446594,0.0
314,1,-0.0008378066122531891,0.0
314,2,-0.12865667045116425,0.0
314,3,-0.05943577364087105,0.0
314,4,-0.017874617129564285,0.0
314,5,-0.05478747561573982,0.0
314,6,-0.1775899976491928,0.0
315,0,-0.3621249794960022,-11.0
315,1,-0.47093528509140015,-11.0
315,2,-0.4429395794868469,-11.0
315,3,-0.6094050407409668,-11.0
315,4,-0.6264789700508118,-11.0
315,5,-0.6015201807022095,-11.0
315,6,-0.706268846988678,-11.0
315,7,-0.7070294618606567,-11.0
315,8,-0.6500273942947388,-11.0
315,9,-0.6332337856292725,-11.0
315,10,-0.4597781300544739,-11.0
315,11,-0.3852241635322571,-11.0
315,12,-0.41529715061187744,-11.0
315,13,-0.5261209607124329,-11.0
315,14,-0.48121315240859985,-11.0
315,15,-0.43304795026779175,-11.0
315,16,-0.4106125831604004,-11.0
315,17,-0.38583457469940186,-11.0
315,18,-0.44878238439559937,-11.0
315,19,-0.502383828163147,-11.0
315,20,-0.3409914970397949,-11.0
316,0,-1.7494807243347168,0.0
316,1,-0.9898363947868347,0.0
316,2,-0.31360435485839844,0.0
316,3,-0.32910266518592834,0.0
317,0,-6.218769073486328,0.0
317,1,-1.707251787185669,0.0
318,0,-4.078754901885986,0.0
318,1,-2.1135246753692627,0.0
318,2,-1.7118264436721802,0.0
318,3,-0.42776596546173096,0.0
318,4,-0.43210679292678833,0.0
318,5,-0.12658026814460754,0.0
318,6,-0.07650671154260635,0.0
318,7,-0.06378773599863052,0.0
318,8,-0.04465525597333908,0.0
318,9,-0.039167262613773346,0.0
318,10,-0.045413561165332794,0.0
318,11,-0.056076712906360626,0.0
318,12,-0.0663231685757637,0.0
318,13,-0.17518272995948792,0.0
318,14,-0.27178624272346497,0.0
318,15,-0.25511085987091064,0.0
318,16,-0.24217566847801208,0.0
318,17,-0.23385900259017944,0.0
318,18,-0.23012349009513855,0.0
318,19,-0.28976985812187195,0.0
318,20,-0.3444652855396271,0.0
318,21,-0.39544016122817993,0.0
318,22,-0.4448505640029907,0.0
318,23,-0.4901338815689087,0.0
318,24,-0.5347518920898438,0.0
318,25,-0.49562084674835205,0.0
318,26,-0.5368209481239319,0.0
318,27,-0.5086119174957275,0.0
318,28,-0.5519784688949585,0.0
319,0,-0.154704287648201,0.0
320,0,-0.32583990693092346,0.0
321,0,-0.7033312916755676,0.0
321,1,-0.6667892336845398,0.0
322,0,-0.6026832461357117,-10.0
322,1,-0.5304340720176697,-10.0
322,2,-0.26865890622138977,-10.0
322,3,-0.2623142898082733,-10.0
322,4,-0.2163870930671692,-10.0
322,5,-0.1411481499671936,-10.0
322,6,-0.1564631462097168,-10.0
322,7,-0.11257685720920563,-10.0
322,8,-0.11392638087272644,-10.0
322,9,-0.08962912857532501,-10.0
322,10,-0.21266399323940277,-10.0
322,11,-0.11033017933368683,-10.0
322,12,-0.18620291352272034,-10.0
322,13,-0.22883564233779907,-10.0
322,14,-0.32548242807388306,-10.0
323,0,-4.048830986022949,0.0
323,1,-1.8830337524414062,0.0
323,2,-1.4915053844451904,0.0
323,3,-1.2385954856872559,0.0
323,4,-1.0095012187957764,0.0
323,5,-0.9208909273147583,0.0
323,6,-1.0978474617004395,0.0
324,0,-1.4756617546081543,0.0
324,1,-0.7171186804771423,0.0
324,2,-1.5303666591644287,0.0
324,3,-0.790990948677063,0.0
325,0,-1.3322536945343018,0.0
325,1,0.09192298352718353,0.0
325,2,-0.6758429408073425,0.0
326,0,-1.9213042259216309,0.0
326,1,-0.6041746139526367,0.0
326,2,-0.21111902594566345,0.0
326,3,-0.22529169917106628,0.0
326,4,-0.1732005923986435,0.0
326,5,-0.30292823910713196,0.0
327,0,-0.7628079056739807,0.0
328,0,-3.041598081588745,0.0
328,1,-0.20841604471206665,0.0
329,0,-1.4889142513275146,0.0
329,1,-0.914644718170166,0.0
330,0,-1.2960885763168335,0.0
331,0,-0.6663473844528198,0.0
332,0,-0.3845042288303375,-8.0
332,1,0.36842623353004456,-8.0
332,2,0.39405980706214905,-8.0
332,3,0.38977131247520447,-8.0
332,4,0.41517797112464905,-8.0
332,5,0.36603349447250366,-8.0
332,6,0.3546938896179199,-8.0
332,7,0.13741131126880646,-8.0
332,8,0.3901997208595276,-8.0
332,9,0.41018417477607727,-8.0
332,10,0.41696897149086,-8.0
332,11,0.3937651515007019,-8.0
332,12,0.3709023594856262,-8.0
332,13,0.34713324904441833,-8.0
332,14,0.3796948790550232,-8.0
332,15,0.37268054485321045,-8.0
332,16,0.3528686463832855,-8.0
332,17,0.26203200221061707,-8.0
332,18,0.21419958770275116,-8.0
333,0,-0.13357694447040558,0.0
333,1,0.3632620573043823,0.0
333,2,0.39579761028289795,0.0
333,3,0.3796551525592804,0.0
333,4,0.3673054873943329,0.0
333,5,0.31604164838790894,0.0
333,6,0.27282917499542236,0.0
333,7,0.2670629918575287,0.0
333,8,0.26143336296081543,0.0
333,9,0.26819249987602234,0.0
333,10,0.0014432407915592194,0.0
333,11,-0.025041919201612473,0.0
333,12,-0.04934560880064964,0.0
334,0,-0.12948015332221985,0.0
334,1,0.09131975471973419,0.0
334,2,0.1773061603307724,0.0
334,3,0.10298101603984833,0.0
334,4,0.23551560938358307,0.0
334,5,0.250459223985672,0.0
334,6,0.26540854573249817,0.0
334,7,0.2666003108024597,0.0
334,8,0.17859014868736267,0.0
334,9,0.13877999782562256,0.0
335,0,-1.0222066640853882,0.0
335,1,-0.056576021015644073,0.0
335,2,-0.011373184621334076,0.0
335,3,-0.1831112504005432,0.0
336,0,-1.6504217386245728,0.0
337,0,-3.3794846534729004,0.0
337,1,-0.5142742395401001,0.0
337,2,-0.29444631934165955,0.0
338,0,-1.1690582036972046,0.0
338,1,-0.6361169815063477,0.0
339,0,-1.4152073860168457,0.0
340,0,-0.3784354031085968,0.0
340,1,0.10978686064481735,0.0
340,2,0.1471962034702301,0.0
340,3,0.06685247272253036,0.0
341,0,-0.6840870380401611,0.0
341,1,-0.21837228536605835,0.0
341,2,-0.8922309875488281,0.0
342,0,-2.0051064491271973,0.0
342,1,-1.5039966106414795,0.0
342,2,-1.0691332817077637,0.0
342,3,-0.9874668717384338,0.0
342,4,-0.7555803060531616,0.0
342,5,-1.3587045669555664,0.0
343,0,-1.7301815748214722,0.0
343,1,-0.16958601772785187,0.0
344,0,-2.0398075580596924,0.0
344,1,-0.936442494392395,0.0
344,2,-0.2521679997444153,0.0
345,0,-4.909071922302246,0.0
345,1,-1.4553557634353638,0.0
345,2,-0.5092737078666687,0.0
346,0,-1.1898819208145142,0.0
346,1,-0.5844339728355408,0.0
346,2,-0.28878962993621826,0.0
346,3,-0.14167320728302002,0.0
347,0,-0.5712223649024963,0.0
347,1,0.02998467907309532,0.0
347,2,-0.0007758326828479767,0.0
348,0,-1.0287487506866455,0.0
348,1,0.05344773456454277,0.0
349,0,-0.7241575717926025,0.0
349,1,-0.1271590292453766,0.0
349,2,-0.13005375862121582,0.0
349,3,-0.30180230736732483,0.0
349,4,-0.21330299973487854,0.0
350,0,-0.8218924403190613,0.0
350,1,-0.9417603015899658,0.0
350,2,-1.4416486024856567,0.0
350,3,-0.5909281969070435,0.0
350,4,-0.8181456327438354,0.0
351,0,-1.9679834842681885,0.0
351,1,-0.5140969753265381,0.0
351,2,-0.2273639440536499,0.0
351,3,-0.8418664336204529,0.0
351,4,-0.5872058272361755,0.0
352,0,-2.7517800331115723,0.0
352,1,-1.313008189201355,0.0
352,2,-1.2325189113616943,0.0
353,0,0.01708204299211502,-1.0
353,1,-0.06587759405374527,-1.0
353,2,-0.24074774980545044,-1.0
353,3,0.0440836176276207,-1.0
353,4,-0.0009203776717185974,-1.0
353,5,-0.03404252976179123,-1.0
353,6,-0.026041455566883087,-1.0
353,7,-0.13712093234062195,-1.0
353,8,-0.08996661752462387,-1.0
353,9,-1.4941537380218506,-1.0
353,10,-1.6594570875167847,-1.0
353,11,-2.598940134048462,-1.0
353,12,-3.4287357330322266,-1.0
353,13,-4.316169738769531,-1.0
354,0,-2.483064651489258,0.0
354,1,-0.43037277460098267,0.0
354,2,-0.4825783371925354,0.0
355,0,-1.0544865131378174,0.0
355,1,-0.29329943656921387,0.0
355,2,-0.3477648198604584,0.0
355,3,-5.190423488616943,0.0
356,0,-7.5708327293396,0.0
356,1,-1.592124104499817,0.0
356,2,-1.2723678350448608,0.0
356,3,-1.065346598625183,0.0
356,4,-0.7948095202445984,0.0
356,5,-0.2877097427845001,0.0
356,6,-0.1750451773405075,0.0
356,7,-0.5862109065055847,0.0
357,0,-1.9282994270324707,0.0
357,1,-1.866127848625183,0.0
357,2,-1.3021124601364136,0.0
357,3,-1.59624445438385,0.0
357,4,-1.7133322954177856,0.0
357,5,-1.5323454141616821,0.0
357,6,-1.4716078042984009,0.0
357,7,-1.3123795986175537,0.0
357,8,-1.1550402641296387,0.0
357,9,-1.8210374116897583,0.0
357,10,-3.0096890926361084,0.0
358,0,-2.245891571044922,0.0
358,1,0.12657146155834198,0.0
359,0,-0.4833139181137085,0.0
359,1,0.11220262199640274,0.0
359,2,0.14659914374351501,0.0
360,0,-0.3801034092903137,0.0
360,1,0.047799330204725266,0.0
360,2,-0.10468257963657379,0.0
360,3,0.042391423135995865,0.0
361,0,-1.6582735776901245,0.0
361,1,-0.20695601403713226,0.0
361,2,-0.2512410879135132,0.0
361,3,-0.11173434555530548,0.0
362,0,-0.830657958984375,0.0
362,1,-0.6154442429542542,0.0
363,0,-0.20942410826683044,0.0
363,1,0.13038766384124756,0.0
363,2,-0.09954982995986938,0.0
364,0,-2.2240681648254395,0.0
364,1,-0.7591648101806641,0.0
364,2,-0.294588178396225,0.0
364,3,-0.17748938500881195,0.0
365,0,-0.6909096837043762,0.0
365,1,-0.44955676794052124,0.0
366,0,-0.7494395971298218,0.0
366,1,-0.5441411733627319,0.0
366,2,-0.5294071435928345,0.0
366,3,-0.5485368371009827,0.0
366,4,-0.5570974349975586,0.0
367,0,-0.40128642320632935,0.0
367,1,-0.6401559114456177,0.0
367,2,-0.9771131873130798,0.0
367,3,-1.0235795974731445,0.0
367,4,-1.002769947052002,0.0
367,5,-1.1323579549789429,0.0
368,0,-1.0538190603256226,0.0
368,1,-2.161961078643799,0.0
368,2,-1.9706735610961914,0.0
369,0,-1.9024267196655273,0.0
369,1,-0.5409563183784485,0.0
369,2,-0.2722816467285156,0.0
369,3,-0.2506211996078491,0.0
370,0,-0.03480199724435806,0.0
371,0,-3.455573081970215,0.0
371,1,-1.5362615585327148,0.0
371,2,-0.5643075108528137,0.0
372,0,-1.618595838546753,0.0
372,1,-0.8097754716873169,0.0
372,2,-0.6237695813179016,0.0
373,0,-0.13448607921600342,-1.0
373,1,-0.012321226298809052,-1.0
373,2,-0.6793932914733887,-1.0
374,0,-2.4365012645721436,-4.0
374,1,-2.8290748596191406,-4.0
374,2,-2.721566677093506,-4.0
374,3,-2.6174631118774414,-4.0
374,4,-2.6883490085601807,-4.0
374,5,-2.6564197540283203,-4.0
374,6,-3.043247699737549,-4.0
374,7,-2.8837265968322754,-4.0
374,8,-2.784576416015625,-4.0
374,9,-1.162355661392212,-4.0
374,10,-0.7933103442192078,-4.0
374,11,-1.7323814630508423,-4.0
374,12,-1.4592623710632324,-4.0
374,13,-1.8975175619125366,-4.0
374,14,-1.9407769441604614,-4.0
375,0,-2.5636234283447266,0.0
375,1,-2.143979072570801,0.0
375,2,-2.629122495651245,0.0
375,3,-2.5954411029815674,0.0
375,4,-1.4701653718948364,0.0
375,5,-1.3132041692733765,0.0
375,6,-0.9903814196586609,0.0
375,7,-0.9030811190605164,0.0
375,8,-0.7678126692771912,0.0
375,9,-0.7507331967353821,0.0
375,10,-0.7258490324020386,0.0
375,11,-0.6957064270973206,0.0
375,12,-1.6698474884033203,0.0
375,13,-0.9922316670417786,0.0
375,14,-0.8388927578926086,0.0
375,15,-1.3238201141357422,0.0
375,16,-1.8439360857009888,0.0
376,0,-3.607754945755005,0.0
376,1,-2.0719361305236816,0.0
376,2,-0.9939279556274414,0.0
376,3,-0.6350895166397095,0.0
376,4,-0.43027395009994507,0.0
377,0,0.13553977012634277,0.0
378,0,-0.14348836243152618,0.0
379,0,0.1664145141839981,0.0
380,0,-0.07488782703876495,0.0
380,1,0.016542091965675354,0.0
380,2,0.26942527294158936,0.0
381,0,-0.9835778474807739,0.0
381,1,-0.4575662910938263,0.0
381,2,-0.5506352782249451,0.0
381,3,-0.4599248468875885,0.0
381,4,-0.4888435900211334,0.0
381,5,-0.35246819257736206,0.0
381,6,-0.3869670033454895,0.0
381,7,-0.20724400877952576,0.0
381,8,-0.2234455943107605,0.0
381,9,-0.17863856256008148,0.0
381,10,-0.1257876604795456,0.0
381,11,-0.12888716161251068,0.0
381,12,-0.09167195856571198,0.0
381,13,-0.09514462947845459,0.0
381,14,-0.09515590965747833,0.0
381,15,-0.09241728484630585,0.0
381,16,-0.08962541818618774,0.0
381,17,-0.33372390270233154,0.0
381,18,0.05117741599678993,0.0
381,19,0.06601600348949432,0.0
381,20,0.08533096313476562,0.0
381,21,0.11361420154571533,0.0
381,22,0.12207448482513428,0.0
381,23,0.08405669033527374,0.0
381,24,0.09682339429855347,0.0
381,25,0.14853954315185547,0.0
381,26,0.1266978681087494,0.0
381,27,0.10570746660232544,0.0
381,28,0.1293935328722,0.0
381,29,0.11303192377090454,0.0
381,30,0.0975988507270813,0.0
381,31,0.1280258595943451,0.0
381,32,0.11722289025783539,0.0
381,33,0.10670745372772217,0.0
381,34,0.10056662559509277,0.0
381,35,0.09350045025348663,0.0
381,36,0.08613447844982147,0.0
381,37,0.07888221740722656,0.0
382,0,-0.19458332657814026,0.0
382,1,0.1452474445104599,0.0
383,0,-0.3240405321121216,0.0
383,1,-0.41805651783943176,0.0
384,0,0.050848256796598434,-45.0
384,1,0.01286313310265541,-45.0
384,2,-0.7690580487251282,-45.0
384,3,0.10940510034561157,-45.0
384,4,-1.6298669576644897,-45.0
384,5,-1.0012935400009155,-45.0
384,6,-0.6757546663284302,-45.0
384,7,-0.6645185351371765,-45.0
384,8,-0.5810956358909607,-45.0
384,9,-0.4941416084766388,-45.0
384,10,-0.6304385662078857,-45.0
384,11,-1.4297800064086914,-45.0
384,12,-2.0245790481567383,-45.0
384,13,-3.6569933891296387,-45.0
384,14,-2.7145276069641113,-45.0
384,15,-2.2962636947631836,-45.0
384,16,-2.3372561931610107,-45.0
384,17,-1.9773029088974,-45.0
384,18,-1.7204445600509644,-45.0
384,19,-2.034733533859253,-45.0
384,20,-2.710501194000244,-45.0
384,21,-3.8778958320617676,-45.0
384,22,-5.035076141357422,-45.0
384,23,-5.188179016113281,-45.0
384,24,-5.089526176452637,-45.0
384,25,-5.7274169921875,-45.0
384,26,-5.235248565673828,-45.0
384,27,-5.890936851501465,-45.0
384,28,-5.562808990478516,-45.0
384,29,-6.46492862701416,-45.0
384,30,-6.385337829589844,-45.0
384,31,-6.6178083419799805,-45.0
384,32,-8.054187774658203,-45.0
384,33,-2.327209234237671,-45.0
384,34,-3.0740301609039307,-45.0
384,35,-3.0489468574523926,-45.0
384,36,-2.7621827125549316,-45.0
384,37,-2.3057267665863037,-45.0
384,38,-2.0880753993988037,-45.0
384,39,-1.4629570245742798,-45.0
384,40,-1.2745449542999268,-45.0
384,41,-1.065782904624939,-45.0
384,42,-1.3222473859786987,-45.0
384,43,-1.3362258672714233,-45.0
384,44,-1.465883493423462,-45.0
384,45,-1.4107534885406494,-45.0
384,46,-1.4980909824371338,-45.0
384,47,-1.8081107139587402,-45.0
384,48,-1.8711999654769897,-45.0
385,0,-0.2264586091041565,0.0
385,1,-0.8126521706581116,0.0
385,2,-0.4427914023399353,0.0
385,3,-1.1534866094589233,0.0
385,4,-2.726428270339966,0.0
385,5,-2.6460118293762207,0.0
385,6,-2.5784261226654053,0.0
385,7,-1.5832509994506836,0.0
385,8,-1.3868114948272705,0.0
385,9,-1.132855772972107,0.0
385,10,-0.9294898509979248,0.0
385,11,-0.7785219550132751,0.0
385,12,-1.045990228652954,0.0
385,13,-0.6614623665809631,0.0
385,14,-0.870774507522583,0.0
385,15,-0.7449423670768738,0.0
385,16,-0.7651209831237793,0.0
385,17,-0.6784569621086121,0.0
385,18,-0.4553963243961334,0.0
385,19,-0.4408383071422577,0.0
385,20,-0.40374746918678284,0.0
385,21,-0.33190014958381653,0.0
385,22,-0.23820865154266357,0.0
385,23,-0.23459342122077942,0.0
385,24,-0.509677529335022,0.0
385,25,-0.4870961308479309,0.0
385,26,-0.6520329117774963,0.0
385,27,-0.942116379737854,0.0
385,28,-1.1135379076004028,0.0
386,0,-1.7224340438842773,0.0
386,1,-2.0701284408569336,0.0
386,2,-1.24820876121521,0.0
386,3,-1.7054407596588135,0.0
387,0,-0.23272044956684113,0.0
388,0,-1.8622227907180786,0.0
388,1,-2.072007894515991,0.0
388,2,-1.456076979637146,0.0
388,3,-1.4634672403335571,0.0
388,4,-1.1261188983917236,0.0
388,5,-1.309909462928772,0.0
389,0,-3.3246357440948486,0.0
389,1,-2.2634453773498535,0.0
389,2,-2.214658498764038,0.0
389,3,-0.9847603440284729,0.0
389,4,-0.6264697909355164,0.0
389,5,-0.7877644300460815,0.0
390,0,-2.14884352684021,0.0
390,1,-1.798197865486145,0.0
390,2,-1.9725943803787231,0.0
390,3,-1.5768916606903076,0.0
390,4,-1.7024706602096558,0.0
390,5,-0.8257884979248047,0.0
390,6,-0.613774836063385,0.0
390,7,-0.5582078099250793,0.0
390,8,-0.3497970700263977,0.0
390,9,-0.1481301337480545,0.0
390,10,-0.11934840679168701,0.0
390,11,0.021325651556253433,0.0
390,12,0.06499466300010681,0.0
390,13,-0.259740948677063,0.0
390,14,-0.17624403536319733,0.0
390,15,-0.12325569987297058,0.0
390,16,0.04043981805443764,0.0
390,17,-0.09133027493953705,0.0
390,18,-0.01752474531531334,0.0
390,19,-0.10976344347000122,0.0
390,20,-0.02214757725596428,0.0
390,21,-0.08692993223667145,0.0
390,22,-0.14139211177825928,0.0
390,23,-0.18417665362358093,0.0
390,24,-0.21520932018756866,0.0
390,25,-0.06789357960224152,0.0
390,26,-0.09574097394943237,0.0
391,0,-3.8796849250793457,0.0
391,1,-0.5538641214370728,0.0
391,2,-0.32096588611602783,0.0
391,3,-0.13970258831977844,0.0
391,4,0.07489381730556488,0.0
391,5,0.19351612031459808,0.0
392,0,-0.10433779656887054,0.0
392,1,0.11765829473733902,0.0
393,0,-2.230652332305908,0.0
393,1,-1.4242290258407593,0.0
393,2,-0.6132397055625916,0.0
393,3,-1.0777161121368408,0.0
393,4,-0.8548679947853088,0.0
393,5,-0.6697353720664978,0.0
393,6,-0.4549960494041443,0.0
393,7,-0.3588411808013916,0.0
393,8,-0.3130200207233429,0.0
393,9,-0.23806096613407135,0.0
393,10,-0.33535319566726685,0.0
393,11,-0.7357771992683411,0.0
393,12,-1.309623122215271,0.0
393,13,-0.7221032977104187,0.0
394,0,-3.9960944652557373,0.0
394,1,-0.3963380455970764,0.0
395,0,0.19833900034427643,0.0
395,1,0.15086133778095245,0.0
395,2,0.04814239963889122,0.0
395,3,0.06247711554169655,0.0
395,4,0.012593884021043777,0.0
396,0,-0.2117660939693451,0.0
397,0,-1.258914828300476,0.0
397,1,-0.19063922762870789,0.0
397,2,-0.08681587874889374,0.0
397,3,0.17309695482254028,0.0
397,4,0.21135303378105164,0.0
397,5,-0.1905597299337387,0.0
398,0,-2.2098631858825684,0.0
398,1,0.08428342640399933,0.0
398,2,0.2201952040195465,0.0
398,3,0.28362980484962463,0.0
398,4,0.3170900046825409,0.0
398,5,0.2832275629043579,0.0
399,0,-2.4278833866119385,0.0
400,0,-1.353476643562317,0.0
400,1,-1.168323278427124,0.0
400,2,-0.2520771920681,0.0
400,3,-0.40137434005737305,0.0
401,0,0.16689902544021606,0.0
402,0,0.2876242399215698,0.0
402,1,-3.8207147121429443,0.0
402,2,-0.527046263217926,0.0
402,3,-0.18579114973545074,0.0
402,4,-0.18971417844295502,0.0
402,5,-0.17419514060020447,0.0
402,6,-0.02224278822541237,0.0
402,7,0.03381217643618584,0.0
402,8,0.03524082526564598,0.0
402,9,0.005062934011220932,0.0
402,10,-0.0014077164232730865,0.0
402,11,0.04600652679800987,0.0
402,12,0.05114000663161278,0.0
402,13,0.008325036615133286,0.0
402,14,0.01793619617819786,0.0
402,15,-0.013716939836740494,0.0
402,16,-0.02398717775940895,0.0
402,17,-0.03650051727890968,0.0
402,18,-0.09521552920341492,0.0
402,19,-0.14669951796531677,0.0
402,20,-0.17330101132392883,0.0
402,21,-0.20050689578056335,0.0
402,22,-0.17086869478225708,0.0
402,23,-0.1776045858860016,0.0
402,24,-0.19785724580287933,0.0
403,0,-0.06617632508277893,-7.0
403,1,-0.5497233867645264,-7.0
403,2,-0.6194950938224792,-7.0
403,3,-1.2393490076065063,-7.0
403,4,-1.0777969360351562,-7.0
403,5,-1.0874979496002197,-7.0
403,6,-1.0159167051315308,-7.0
403,7,-3.22029185295105,-7.0
403,8,-4.541121006011963,-7.0
403,9,-3.064131498336792,-7.0
403,10,-3.1225197315216064,-7.0
403,11,-3.552677869796753,-7.0
403,12,-4.835184574127197,-7.0
404,0,0.05572991818189621,-1.0
404,1,-0.3865320384502411,-1.0
404,2,-0.2780769467353821,-1.0
404,3,-0.277588814496994,-1.0
404,4,-0.26790446043014526,-1.0
404,5,-0.23606324195861816,-1.0
404,6,-0.17050392925739288,-1.0
404,7,-0.5338017344474792,-1.0
404,8,-0.47920143604278564,-1.0
404,9,-0.5094841718673706,-1.0
404,10,-0.5807499885559082,-1.0
404,11,-0.4214566648006439,-1.0
405,0,-6.42389440536499,0.0
405,1,-4.075394153594971,0.0
405,2,-3.7057785987854004,0.0
405,3,-4.422114849090576,0.0
405,4,-3.2575392723083496,0.0
406,0,-1.7745648622512817,0.0
406,1,-0.1864672601222992,0.0
406,2,0.15807661414146423,0.0
407,0,-3.297121286392212,0.0
407,1,-1.536928415298462,0.0
407,2,-0.5896768569946289,0.0
407,3,-0.3285517394542694,0.0
407,4,-0.18758808076381683,0.0
408,0,-0.8392312526702881,-9.0
408,1,-1.2802163362503052,-9.0
408,2,-1.669885516166687,-9.0
408,3,-1.007147192955017,-9.0
408,4,-1.0572518110275269,-9.0
408,5,-2.314452886581421,-9.0
408,6,-2.968888759613037,-9.0
408,7,-2.5681722164154053,-9.0
408,8,-2.3592820167541504,-9.0
408,9,-3.094069004058838,-9.0
408,10,-2.8040425777435303,-9.0
408,11,-2.6012070178985596,-9.0
408,12,-2.3126490116119385,-9.0
408,13,-2.894758939743042,-9.0
409,0,-0.6693845987319946,0.0
409,1,-0.03710588440299034,0.0
409,2,0.2592499554157257,0.0
410,0,-0.3267081379890442,0.0
410,1,-0.33647167682647705,0.0
410,2,-0.24393531680107117,0.0
410,3,-0.17446020245552063,0.0
410,4,-0.12404689192771912,0.0
411,0,-0.5521776080131531,0.0
411,1,-0.1878768503665924,0.0
411,2,-0.35953637957572937,0.0
412,0,-0.015271730720996857,0.0
412,1,-0.17488232254981995,0.0
412,2,-0.16942518949508667,0.0
412,3,-1.3486335277557373,0.0
412,4,-0.9671605825424194,0.0
413,0,-0.6774858236312866,0.0
413,1,-0.09798331558704376,0.0
413,2,0.03933095559477806,0.0
413,3,0.06238561496138573,0.0
413,4,-0.7560043931007385,0.0
414,0,-7.950656414031982,0.0
414,1,-0.6180312037467957,0.0
415,0,-1.6310898065567017,0.0
415,1,-0.5583404898643494,0.0
415,2,-0.21160390973091125,0.0
416,0,-0.07482792437076569,0.0
417,0,-0.2886602282524109,0.0
417,1,-0.07196211814880371,0.0
418,0,-2.0787737369537354,0.0
418,1,-0.6922832131385803,0.0
418,2,0.3570842742919922,0.0
419,0,-1.8399784564971924,-2.0
419,1,-1.4432140588760376,-2.0
419,2,-0.5884783864021301,-2.0
419,3,-1.7867690324783325,-2.0
419,4,-0.5675525665283203,-2.0
420,0,-5.50982666015625,0.0
420,1,-1.6993767023086548,0.0
420,2,-1.6586672067642212,0.0
420,3,-0.3061855435371399,0.0
420,4,-0.17477893829345703,0.0
420,5,-0.13896502554416656,0.0
420,6,-0.060304030776023865,0.0
420,7,-0.2864564061164856,0.0
420,8,-0.498468279838562,0.0
421,0,-5.178938388824463,0.0
421,1,-1.4375839233398438,0.0
421,2,-0.9603476524353027,0.0
421,3,-0.5318949222564697,0.0
421,4,-0.9028707146644592,0.0
422,0,-2.5309414863586426,0.0
422,1,-1.548676609992981,0.0
422,2,-0.5063825249671936,0.0
422,3,-0.1856231987476349,0.0
422,4,0.018669459968805313,0.0
422,5,0.07196556031703949,0.0
422,6,0.14147597551345825,0.0
422,7,-0.257005900144577,0.0
423,0,-1.4214389324188232,0.0
423,1,-1.43148934841156,0.0
423,2,-0.4340290129184723,0.0
423,3,-0.21228274703025818,0.0
423,4,-0.657450258731842,0.0
423,5,-0.43073907494544983,0.0
423,6,-0.47775527834892273,0.0
423,7,-1.1337093114852905,0.0
424,0,-4.628150463104248,0.0
424,1,-1.9703333377838135,0.0
424,2,-1.5638328790664673,0.0
424,3,-0.6673831939697266,0.0
424,4,-0.8239277601242065,0.0
424,5,-0.8515568971633911,0.0
425,0,-21.53518295288086,0.0
426,0,0.16744059324264526,0.0
426,1,0.16744229197502136,0.0
426,2,0.22965574264526367,0.0
426,3,0.11394598335027695,0.0
427,0,-0.7491765022277832,0.0
427,1,-0.08404360711574554,0.0
427,2,0.13883106410503387,0.0
427,3,0.2587060034275055,0.0
428,0,-0.13928484916687012,0.0
428,1,0.3912374973297119,0.0
429,0,-4.159373760223389,0.0
429,1,-1.059181571006775,0.0
429,2,-1.663630485534668,0.0
429,3,-0.7827893495559692,0.0
429,4,-0.5575186014175415,0.0
429,5,-0.5718008875846863,0.0
429,6,-0.5245257616043091,0.0
430,0,-0.2607079744338989,0.0
430,1,0.5782735347747803,0.0
430,2,0.39865678548812866,0.0
431,0,-0.09022396802902222,0.0
431,1,-0.008442550897598267,0.0
431,2,0.08369825780391693,0.0
431,3,0.13466519117355347,0.0
431,4,0.1666281670331955,0.0
431,5,0.3261660933494568,0.0
432,0,-0.1045699417591095,0.0
433,0,-1.1595933437347412,0.0
433,1,-0.22151076793670654,0.0
433,2,-0.006402105093002319,0.0
433,3,-0.885669469833374,0.0
434,0,-0.1473660171031952,0.0
434,1,-0.10915850847959518,0.0
434,2,-0.06420459598302841,0.0
435,0,-1.123268723487854,-21.0
435,1,-1.42240309715271,-21.0
435,2,-2.13708233833313,-21.0
435,3,-1.8991156816482544,-21.0
435,4,-2.377833127975464,-21.0
435,5,-2.7815558910369873,-21.0
435,6,-2.2945656776428223,-21.0
435,7,-2.118284225463867,-21.0
435,8,-2.066955327987671,-21.0
435,9,-2.0281991958618164,-21.0
435,10,-6.148231029510498,-21.0
435,11,-5.61362361907959,-21.0
435,12,-9.958447456359863,-21.0
435,13,-4.096611976623535,-21.0
435,14,-3.270435333251953,-21.0
435,15,-3.0687971115112305,-21.0
435,16,-2.604520797729492,-21.0
435,17,-1.5717425346374512,-21.0
435,18,-1.1099332571029663,-21.0
435,19,-1.306771993637085,-21.0
435,20,-1.3509124517440796,-21.0
435,21,-1.0078485012054443,-21.0
435,22,-0.11873900890350342,-21.0
435,23,-0.1496935784816742,-21.0
435,24,0.01672986149787903,-21.0
436,0,0.3016776144504547,0.0
436,1,-0.3490239083766937,0.0
436,2,0.15634024143218994,0.0
437,0,0.14261606335639954,0.0
437,1,0.1611657291650772,0.0
437,2,0.1818113625049591,0.0
437,3,0.24290984869003296,0.0
437,4,0.2628609836101532,0.0
437,5,0.18737438321113586,0.0
437,6,0.06591123342514038,0.0
437,7,0.16526202857494354,0.0
438,0,0.08348231762647629,0.0
439,0,-0.20693224668502808,0.0
439,1,-0.6457318067550659,0.0
439,2,-0.44512778520584106,0.0
439,3,-0.1924704909324646,0.0
439,4,-0.05029340833425522,0.0
440,0,0.46360963582992554,0.0
440,1,0.5862450003623962,0.0
441,0,-0.4070807695388794,0.0
441,1,-1.2514435052871704,0.0
441,2,-1.2277356386184692,0.0
441,3,-1.152001976966858,0.0
441,4,-1.1466740369796753,0.0
442,0,-1.6422371864318848,0.0
442,1,-1.119483232498169,0.0
442,2,-0.8601840734481812,0.0
442,3,-0.9244053363800049,0.0
442,4,-0.4036507308483124,0.0
442,5,-0.3208816945552826,0.0
442,6,-0.2948880195617676,0.0
442,7,-0.2603808641433716,0.0
442,8,-0.5036114454269409,0.0
442,9,-0.31385716795921326,0.0
442,10,-0.44323235750198364,0.0
442,11,-0.6062581539154053,0.0
443,0,-0.028401069343090057,-1.0
443,1,-0.45826980471611023,-1.0
443,2,-8.73305892944336,-1.0
444,0,-5.138543605804443,0.0
444,1,-2.6043524742126465,0.0
444,2,-2.6320018768310547,0.0
444,3,-1.3100396394729614,0.0
444,4,-1.0272810459136963,0.0
444,5,-1.0534862279891968,0.0
444,6,-1.0230393409729004,0.0
444,7,-0.8746055364608765,0.0
444,8,-0.7705096006393433,0.0
444,9,-0.7265914678573608,0.0
444,10,-0.6865552663803101,0.0
444,11,-0.633992075920105,0.0
444,12,-0.6968498229980469,0.0
444,13,-0.6624463796615601,0.0
444,14,-0.7093974351882935,0.0
444,15,-0.6638017892837524,0.0
444,16,-0.7048600912094116,0.0
444,17,-0.7414650917053223,0.0
444,18,-0.7758243083953857,0.0
444,19,-0.6652569770812988,0.0
444,20,-0.6755304336547852,0.0
445,0,-2.623563051223755,-1.0
445,1,-0.6555203199386597,-1.0
445,2,-0.9028781652450562,-1.0
445,3,-0.3866848647594452,-1.0
445,4,-1.9880411624908447,-1.0
445,5,-1.7328729629516602,-1.0
445,6,-2.885859727859497,-1.0
445,7,-5.498051166534424,-1.0
446,0,-0.5682254433631897,0.0
447,0,-0.42984309792518616,0.0
448,0,-5.039407730102539,0.0
448,1,-0.6593924164772034,0.0
448,2,-0.21156306564807892,0.0
448,3,-1.3743447065353394,0.0
448,4,-0.9931735396385193,0.0
448,5,-2.9413650035858154,0.0
449,0,0.057792164385318756,0.0
449,1,0.032785601913928986,0.0
449,2,0.017893679440021515,0.0
450,0,-2.0564377307891846,0.0
450,1,-2.214189052581787,0.0
451,0,-1.2900385856628418,0.0
451,1,-0.5644460916519165,0.0
451,2,-0.21024736762046814,0.0
451,3,0.17545753717422485,0.0
451,4,0.1136394515633583,0.0
452,0,0.15270422399044037,0.0
452,1,0.4464597702026367,0.0
452,2,0.3662406802177429,0.0
452,3,-0.4057598114013672,0.0
453,0,-0.8363703489303589,0.0
453,1,0.2186347097158432,0.0
453,2,0.24009649455547333,0.0
453,3,-0.34291529655456543,0.0
454,0,0.16131632030010223,0.0
454,1,0.3540284037590027,0.0
455,0,-0.7724054455757141,0.0
455,1,-2.560133218765259,0.0
455,2,-5.906401634216309,0.0
455,3,-6.080069541931152,0.0
455,4,-4.158503532409668,0.0
455,5,-3.001089334487915,0.0
455,6,-2.6308348178863525,0.0
455,7,-2.3378493785858154,0.0
455,8,-2.165275812149048,0.0
455,9,-2.2510035037994385,0.0
455,10,-2.095383405685425,0.0
455,11,-1.9133360385894775,0.0
455,12,-1.8396655321121216,0.0
455,13,-1.7652677297592163,0.0
455,14,-1.6548144817352295,0.0
455,15,-1.564375638961792,0.0
455,16,-1.3958508968353271,0.0
455,17,-1.378018856048584,0.0
455,18,-1.4065027236938477,0.0
455,19,-1.3430858850479126,0.0
455,20,-1.328869104385376,0.0
455,21,-1.2564945220947266,0.0
455,22,-0.8887569308280945,0.0
455,23,-0.8809528350830078,0.0
455,24,-0.6313202977180481,0.0
455,25,-0.5540414452552795,0.0
455,26,-0.4486604928970337,0.0
455,27,-0.4230419993400574,0.0
455,28,-0.4009716510772705,0.0
455,29,-0.5985422730445862,0.0
455,30,-0.552672803401947,0.0
455,31,-0.5055988430976868,0.0
455,32,-0.456160306930542,0.0
455,33,-0.5960726141929626,0.0
455,34,-0.524615466594696,0.0
455,35,-0.6392176151275635,0.0
455,36,-0.7436438798904419,0.0
455,37,-0.8420052528381348,0.0
455,38,-0.923331081867218,0.0
455,39,-1.0022194385528564,0.0
455,40,-1.0798168182373047,0.0
455,41,-1.1510432958602905,0.0
455,42,-1.2162299156188965,0.0
455,43,-1.2493090629577637,0.0
456,0,-0.17860260605812073,0.0
456,1,-0.13947981595993042,0.0
456,2,-0.11657153815031052,0.0
457,0,-1.7471683025360107,0.0
457,1,-1.422141194343567,0.0
457,2,-1.4404836893081665,0.0
457,3,-0.7125635743141174,0.0
457,4,-0.515301525592804,0.0
457,5,-0.5601845383644104,0.0
457,6,-0.16688017547130585,0.0
457,7,-0.13084720075130463,0.0
457,8,-0.1073761135339737,0.0
457,9,-0.09716171026229858,0.0
457,10,-0.034564629197120667,0.0
457,11,-0.009974852204322815,0.0
457,12,0.01621958613395691,0.0
457,13,-0.08611507713794708,0.0
457,14,-0.17678195238113403,0.0
457,15,-0.2586304843425751,0.0
457,16,-0.3294621706008911,0.0
457,17,-0.38912928104400635,0.0
457,18,-0.4384281635284424,0.0
457,19,-0.47958874702453613,0.0
458,0,-1.599047064781189,-44.0
458,1,-1.4999017715454102,-44.0
458,2,-1.436928391456604,-44.0
458,3,-1.2956228256225586,-44.0
458,4,-1.284761905670166,-44.0
458,5,-1.1267821788787842,-44.0
458,6,-1.1361443996429443,-44.0
458,7,-3.263479232788086,-44.0
458,8,-4.2913103103637695,-44.0
458,9,-3.951033592224121,-44.0
458,10,-3.5900111198425293,-44.0
458,11,-3.630256175994873,-44.0
458,12,-3.387145519256592,-44.0
458,13,-4.029636859893799,-44.0
458,14,-2.8721923828125,-44.0
458,15,-2.8997912406921387,-44.0
458,16,-2.5768485069274902,-44.0
458,17,-2.422680377960205,-44.0
458,18,-2.6929564476013184,-44.0
458,19,-3.767002582550049,-44.0
458,20,-2.6872663497924805,-44.0
458,21,-2.6468544006347656,-44.0
458,22,-2.667738437652588,-44.0
458,23,-2.9682207107543945,-44.0
458,24,-3.0891995429992676,-44.0
458,25,-2.177152633666992,-44.0
458,26,-2.022714138031006,-44.0
458,27,-2.0348987579345703,-44.0
458,28,-3.6399478912353516,-44.0
458,29,-3.5163464546203613,-44.0
458,30,-3.6111044883728027,-44.0
458,31,-3.6988487243652344,-44.0
458,32,-5.799872398376465,-44.0
458,33,-5.607132911682129,-44.0
458,34,-5.707187652587891,-44.0
458,35,-5.814795970916748,-44.0
458,36,-5.759169578552246,-44.0
458,37,-5.85281229019165,-44.0
458,38,-5.868191242218018,-44.0
458,39,-5.960625648498535,-44.0
458,40,-7.572739601135254,-44.0
458,41,-6.666509628295898,-44.0
458,42,-5.4640398025512695,-44.0
458,43,-7.351285457611084,-44.0
458,44,-7.4513349533081055,-44.0
458,45,-1.1203135251998901,-44.0
458,46,-1.0277528762817383,-44.0
458,47,-0.8095963001251221,-44.0
458,48,-0.8697958588600159,-44.0
458,49,-1.019895076751709,-44.0
458,50,-1.076438069343567,-44.0
458,51,-1.2872023582458496,-44.0
458,52,-1.3470226526260376,-44.0
458,53,-1.5785702466964722,-44.0
458,54,-1.5545958280563354,-44.0
458,55,-1.4439491033554077,-44.0
458,56,-1.6771109104156494,-44.0
458,57,-1.415864109992981,-44.0
458,58,-1.0064525604248047,-44.0
458,59,-1.0599682331085205,-44.0
458,60,-1.2822914123535156,-44.0
458,61,-1.1416711807250977,-44.0
458,62,-1.3713458776474,-44.0
458,63,-1.6754364967346191,-44.0
458,64,-2.114149570465088,-44.0
458,65,-2.211373805999756,-44.0
458,66,-2.3901805877685547,-44.0
458,67,-3.1771116256713867,-44.0
459,0,-0.8949716091156006,0.0
460,0,-1.2573952674865723,0.0
461,0,-11.479876518249512,0.0
461,1,-0.5662016868591309,0.0
461,2,-0.7810247540473938,0.0
461,3,-3.5441670417785645,0.0
462,0,-1.9737526178359985,0.0
463,0,-0.009398311376571655,0.0
463,1,-0.22039751708507538,0.0
463,2,-0.24142183363437653,0.0
463,3,-0.8975169658660889,0.0
463,4,-0.8980501890182495,0.0
463,5,-0.20305787026882172,0.0
463,6,-0.08646969497203827,0.0
463,7,-0.04709192365407944,0.0
463,8,-0.06049481779336929,0.0
463,9,-0.06937648355960846,0.0
463,10,0.3074038624763489,0.0
463,11,0.31648606061935425,0.0
463,12,0.29522615671157837,0.0
463,13,0.30378490686416626,0.0
463,14,0.310366690158844,0.0
463,15,0.31527483463287354,0.0
463,16,0.32073599100112915,0.0
463,17,0.3218836188316345,0.0
463,18,0.3306812644004822,0.0
463,19,0.33440423011779785,0.0
463,20,0.3341810703277588,0.0
463,21,0.31997090578079224,0.0
463,22,0.28514641523361206,0.0
463,23,0.30298495292663574,0.0
463,24,0.3070679306983948,0.0
463,25,0.26764917373657227,0.0
463,26,0.2729243040084839,0.0
463,27,0.26185864210128784,0.0
463,28,0.24730785191059113,0.0
463,29,0.20967207849025726,0.0
463,30,0.20501463115215302,0.0
463,31,0.2184724062681198,0.0
463,32,0.1733788251876831,0.0
463,33,0.11131809651851654,0.0
463,34,0.060039639472961426,0.0
463,35,-0.24475984275341034,0.0
463,36,-0.3995327949523926,0.0
463,37,-0.6088997721672058,0.0
463,38,-0.9271638989448547,0.0
464,0,-0.0013697147369384766,0.0
465,0,-3.449268341064453,0.0
465,1,-1.4570096731185913,0.0
465,2,-0.8475943207740784,0.0
465,3,-0.248311385512352,0.0
465,4,-0.03148460388183594,0.0
465,5,-0.008136659860610962,0.0
465,6,-0.4164104461669922,0.0
465,7,-0.17309488356113434,0.0
465,8,-0.6278789043426514,0.0
465,9,-1.2021788358688354,0.0
465,10,-0.8715890645980835,0.0
465,11,-1.4171823263168335,0.0
466,0,-1.3084219694137573,0.0
466,1,-2.3668410778045654,0.0
466,2,-0.944648027420044,0.0
466,3,-0.05547793209552765,0.0
467,0,-1.2163368463516235,0.0
467,1,-0.6009278297424316,0.0
467,2,-0.31633228063583374,0.0
467,3,-0.007123209536075592,0.0
468,0,-1.5156103372573853,0.0
468,1,-0.2168385237455368,0.0
468,2,-0.2783661186695099,0.0
468,3,-0.2377513349056244,0.0
468,4,-0.535892903804779,0.0
469,0,-1.1430261135101318,0.0
469,1,-3.4648561477661133,0.0
469,2,-0.1331300139427185,0.0
469,3,0.025708146393299103,0.0
469,4,0.0932297334074974,0.0
470,0,-0.30476200580596924,0.0
471,0,-0.13160842657089233,0.0
471,1,-1.0610264539718628,0.0
471,2,-0.5590974688529968,0.0
471,3,-0.42970526218414307,0.0
471,4,-0.39020049571990967,0.0
471,5,-0.30058223009109497,0.0
471,6,-0.24887403845787048,0.0
471,7,-0.22984115779399872,0.0
471,8,-0.20622284710407257,0.0
471,9,-0.19794385135173798,0.0
471,10,-0.13930420577526093,0.0
471,11,-0.14016778767108917,0.0
471,12,-0.1897013634443283,0.0
471,13,-0.18704421818256378,0.0
471,14,-0.18172034621238708,0.0
471,15,-0.2055119127035141,0.0
471,16,-0.2683901786804199,0.0
471,17,-0.19468359649181366,0.0
471,18,-0.16004608571529388,0.0
471,19,-0.2179597169160843,0.0
471,20,-0.27331823110580444,0.0
471,21,-0.31026262044906616,0.0
471,22,-0.38631290197372437,0.0
472,0,-0.43346521258354187,-1.0
472,1,0.16637735068798065,-1.0
472,2,-0.7239030599594116,-1.0
472,3,-0.45163074135780334,-1.0
472,4,-2.872046947479248,-1.0
473,0,-1.0926380157470703,0.0
473,1,-1.1153743267059326,0.0
473,2,-0.26391181349754333,0.0
473,3,0.09953222423791885,0.0
474,0,-0.0540325865149498,0.0
474,1,-0.1476101279258728,0.0
474,2,-0.2842467129230499,0.0
474,3,-0.3703148066997528,0.0
474,4,-0.6695535182952881,0.0
474,5,-0.7238971590995789,0.0
474,6,-1.7353816032409668,0.0
475,0,-0.893609881401062,0.0
475,1,0.009769357740879059,0.0
475,2,-0.07984686642885208,0.0
475,3,-3.446639060974121,0.0
476,0,-7.955804347991943,-15.0
476,1,-7.443737983703613,-15.0
476,2,-7.1938066482543945,-15.0
476,3,-6.573616981506348,-15.0
476,4,-5.757805824279785,-15.0
476,5,-4.842092037200928,-15.0
476,6,-4.353988170623779,-15.0
476,7,-3.851025104522705,-15.0
476,8,-3.6274776458740234,-15.0
476,9,-3.8489880561828613,-15.0
476,10,-3.83491849899292,-15.0
476,11,-4.001167297363281,-15.0
476,12,-8.468780517578125,-15.0
476,13,-7.852405548095703,-15.0
476,14,-6.753726482391357,-15.0
476,15,-6.447886943817139,-15.0
476,16,-6.147858619689941,-15.0
476,17,-6.096208572387695,-15.0
476,18,-5.823596954345703,-15.0
476,19,-5.652307510375977,-15.0
476,20,-5.544780254364014,-15.0
476,21,-5.117493629455566,-15.0
476,22,-3.1120665073394775,-15.0
476,23,-3.7499239444732666,-15.0
476,24,-3.4510879516601562,-15.0
476,25,-3.1212522983551025,-15.0
476,26,-3.0212812423706055,-15.0
476,27,-3.1889395713806152,-15.0
476,28,-3.170138359069824,-15.0
476,29,-2.8636906147003174,-15.0
476,30,-2.886500835418701,-15.0
476,31,-2.846604347229004,-15.0
476,32,-2.6351966857910156,-15.0
477,0,-0.888468861579895,0.0
477,1,-0.4302314519882202,0.0
477,2,-0.3595423996448517,0.0
478,0,-1.456904649734497,0.0
478,1,-0.04776187241077423,0.0
478,2,-0.9705303907394409,0.0
479,0,-1.121080994606018,0.0
479,1,-0.059983789920806885,0.0
479,2,-0.37715351581573486,0.0
479,3,-0.5761581659317017,0.0
479,4,-0.3413066864013672,0.0
479,5,-0.9329738020896912,0.0
479,6,-0.45971131324768066,0.0
480,0,0.2000163346529007,0.0
481,0,-0.5616331100463867,0.0
481,1,-0.5236186385154724,0.0
481,2,-0.19640378654003143,0.0
481,3,0.029175952076911926,0.0
481,4,-0.41140735149383545,0.0
481,5,0.13412180542945862,0.0
482,0,0.0971413403749466,0.0
482,1,0.12604519724845886,0.0
482,2,0.13716013729572296,0.0
482,3,0.1830858439207077,0.0
482,4,0.1817668378353119,0.0
482,5,0.09131903946399689,0.0
482,6,0.12873181700706482,0.0
482,7,0.18161100149154663,0.0
482,8,0.14838913083076477,0.0
482,9,0.07419678568840027,0.0
483,0,-0.5028636455535889,0.0
483,1,-0.3750135600566864,0.0
483,2,-0.2257954478263855,0.0
483,3,-0.056620046496391296,0.0
483,4,-0.064715176820755,0.0
483,5,-0.03008057177066803,0.0
483,6,-0.010827228426933289,0.0
483,7,-0.011546239256858826,0.0
483,8,-0.00417974591255188,0.0
483,9,0.015592724084854126,0.0
483,10,0.021812602877616882,0.0
483,11,0.019532635807991028,0.0
483,12,0.009206831455230713,0.0
483,13,0.002343788743019104,0.0
483,14,-0.00016213953495025635,0.0
483,15,0.005808398127555847,0.0
483,16,0.011219188570976257,0.0
483,17,-0.09381818771362305,0.0
483,18,-0.0940227210521698,0.0
483,19,-0.198882058262825,0.0
483,20,-0.1698596477508545,0.0
483,21,-0.15698134899139404,0.0
483,22,-0.15353095531463623,0.0
483,23,-0.2064216285943985,0.0
483,24,-0.18263030052185059,0.0
483,25,-0.2225036323070526,0.0
483,26,-0.2608778178691864,0.0
483,27,-0.23346641659736633,0.0
483,28,-0.2046440839767456,0.0
483,29,-0.2308052033185959,0.0
483,30,-0.25481343269348145,0.0
483,31,-0.2771964371204376,0.0
483,32,-0.2974090874195099,0.0
483,33,-0.31538474559783936,0.0
483,34,-0.3309392035007477,0.0
483,35,-0.3434603810310364,0.0
483,36,-0.3501140773296356,0.0
484,0,-2.8116068840026855,-34.0
484,1,-2.7791666984558105,-34.0
484,2,-2.694794178009033,-34.0
484,3,-2.1151232719421387,-34.0
484,4,-5.629917621612549,-34.0
484,5,-5.2688517570495605,-34.0
484,6,-4.645956516265869,-34.0
484,7,-4.158501625061035,-34.0
484,8,-3.7919626235961914,-34.0
484,9,-3.601226329803467,-34.0
484,10,-3.5158469676971436,-34.0
484,11,-3.385944366455078,-34.0
484,12,-3.2643370628356934,-34.0
484,13,-2.997647762298584,-34.0
484,14,-2.8893275260925293,-34.0
484,15,-2.7738819122314453,-34.0
484,16,-2.776386022567749,-34.0
484,17,-2.6717777252197266,-34.0
484,18,-2.6738481521606445,-34.0
484,19,-2.389167308807373,-34.0
484,20,-2.309342384338379,-34.0
484,21,-2.3370821475982666,-34.0
484,22,-2.3382534980773926,-34.0
484,23,-2.2941770553588867,-34.0
484,24,-1.7072739601135254,-34.0
484,25,-1.7813458442687988,-34.0
484,26,-1.7904943227767944,-34.0
484,27,-1.7701278924942017,-34.0
484,28,-1.7206006050109863,-34.0
484,29,-1.8298263549804688,-34.0
484,30,-2.0052196979522705,-34.0
484,31,-2.1560564041137695,-34.0
484,32,-2.1249279975891113,-34.0
484,33,-1.5047131776809692,-34.0
484,34,-1.5301060676574707,-34.0
484,35,-1.4807274341583252,-34.0
484,36,-1.8876532316207886,-34.0
484,37,-1.8730554580688477,-34.0
484,38,-2.1249570846557617,-34.0
484,39,-1.9452683925628662,-34.0
484,40,-1.9112260341644287,-34.0
484,41,-1.3264930248260498,-34.0
484,42,-1.2169742584228516,-34.0
484,43,-1.261223554611206,-34.0
484,44,-1.2909938097000122,-34.0
484,45,-1.344759464263916,-34.0
484,46,-1.3490040302276611,-34.0
484,47,-1.3065757751464844,-34.0
484,48,-1.2426891326904297,-34.0
484,49,-1.1823620796203613,-34.0
485,0,-0.7906184792518616,0.0
485,1,-0.06572409719228745,0.0
485,2,-0.15722480416297913,0.0
486,0,-0.6003089547157288,0.0
486,1,-5.676042556762695,0.0
486,2,-0.04830013960599899,0.0
486,3,-0.1081327423453331,0.0
486,4,-0.10471191257238388,0.0
486,5,-0.1369864046573639,0.0
486,6,-0.07340038567781448,0.0
486,7,-0.018569476902484894,0.0
486,8,-0.34167560935020447,0.0
486,9,-0.8712829947471619,0.0
486,10,-0.5027264952659607,0.0
487,0,-0.1786291003227234,0.0
487,1,-0.49057137966156006,0.0
488,0,-0.7952815890312195,0.0
488,1,-0.7938913702964783,0.0
488,2,-0.7861114144325256,0.0
488,3,-0.8986931443214417,0.0
488,4,-0.7227372527122498,0.0
488,5,-0.5677576065063477,0.0
488,6,-0.3118499517440796,0.0
488,7,-0.5402342081069946,0.0
488,8,-0.6804457306861877,0.0
489,0,-3.439645290374756,0.0
489,1,-0.07320720702409744,0.0
490,0,-1.1842336654663086,0.0
490,1,-1.214745044708252,0.0
490,2,-0.1626724898815155,0.0
490,3,-0.11939869076013565,0.0
490,4,0.003443188965320587,0.0
490,5,0.0440974161028862,0.0
490,6,0.010256923735141754,0.0
490,7,0.07969949394464493,0.0
491,0,-2.8945059776306152,0.0
491,1,-2.9940438270568848,0.0
491,2,-3.0220274925231934,0.0
491,3,-2.3263025283813477,0.0
491,4,-2.2026901245117188,0.0
491,5,-2.016541004180908,0.0
491,6,-1.898576259613037,0.0
491,7,-1.8959558010101318,0.0
491,8,-2.6780121326446533,0.0
491,9,-2.5852370262145996,0.0
491,10,-0.9826837778091431,0.0
491,11,-0.8644249439239502,0.0
491,12,-0.5644361972808838,0.0
491,13,-0.5975778698921204,0.0
491,14,-0.5280272364616394,0.0
491,15,-0.4112933874130249,0.0
491,16,-0.40608417987823486,0.0
491,17,-0.4216180443763733,0.0
491,18,-0.4437313675880432,0.0
491,19,-0.10795344412326813,0.0
491,20,-0.10164430737495422,0.0
491,21,-0.01468890905380249,0.0
491,22,-0.0014155656099319458,0.0
491,23,-0.09317991137504578,0.0
491,24,-0.07283186912536621,0.0
491,25,-0.0480247437953949,0.0
491,26,-0.14314676821231842,0.0
491,27,-0.24722683429718018,0.0
491,28,-0.36929774284362793,0.0
491,29,-0.30937111377716064,0.0
491,30,-0.42863142490386963,0.0
491,31,-0.5593901872634888,0.0
491,32,-0.6927441358566284,0.0
491,33,-0.8336895108222961,0.0
491,34,-0.9965853095054626,0.0
491,35,-1.1701252460479736,0.0
491,36,-1.3318145275115967,0.0
491,37,-1.496456503868103,0.0
491,38,-1.6635026931762695,0.0
491,39,-1.8439210653305054,0.0
491,40,-2.0122594833374023,0.0
492,0,-1.5195807218551636,0.0
492,1,-2.276784896850586,0.0
492,2,-2.312488079071045,0.0
492,3,-3.2401747703552246,0.0
492,4,-2.255805015563965,0.0
492,5,-2.448441982269287,0.0
492,6,-2.515413284301758,0.0
492,7,-1.6513248682022095,0.0
492,8,-1.0861375331878662,0.0
492,9,-0.9767352938652039,0.0
492,10,-0.3835473954677582,0.0
492,11,-0.309435099363327,0.0
492,12,-0.30549198389053345,0.0
492,13,-0.3044770658016205,0.0
492,14,-0.3076317012310028,0.0
492,15,-0.32084721326828003,0.0
492,16,-0.3819505572319031,0.0
492,17,-0.11797615140676498,0.0
492,18,-0.06391581147909164,0.0
492,19,-0.05631338804960251,0.0
492,20,0.02881980687379837,0.0
492,21,0.044665880501270294,0.0
492,22,-0.029950983822345734,0.0
492,23,-0.1246192678809166,0.0
492,24,-0.0985419824719429,0.0
492,25,-0.07249937206506729,0.0
492,26,-0.17025578022003174,0.0
492,27,-0.12807497382164001,0.0
492,28,-0.22633308172225952,0.0
492,29,-0.33205050230026245,0.0
492,30,-0.4526011645793915,0.0
492,31,-0.579252302646637,0.0
492,32,-0.7114824652671814,0.0
492,33,-0.8630086779594421,0.0
492,34,-1.0161479711532593,0.0
492,35,-1.2030457258224487,0.0
492,36,-1.3644286394119263,0.0
492,37,-1.5447450876235962,0.0
492,38,-1.7080848217010498,0.0
493,0,-1.8514021635055542,0.0
493,1,-4.490464210510254,0.0
493,2,-8.987529754638672,0.0
493,3,-4.39820671081543,0.0
493,4,-5.399638652801514,0.0
493,5,-4.842102527618408,0.0
493,6,-4.937759876251221,0.0
493,7,-2.3162806034088135,0.0
493,8,-2.4257898330688477,0.0
493,9,-2.2070889472961426,0.0
493,10,-1.5795344114303589,0.0
493,11,-1.471703052520752,0.0
493,12,-1.265690803527832,0.0
493,13,-1.2530298233032227,0.0
493,14,-1.23348069190979,0.0
493,15,-1.367199182510376,0.0
493,16,-1.3251206874847412,0.0
493,17,-1.2648881673812866,0.0
493,18,-1.1915799379348755,0.0
493,19,-1.1015485525131226,0.0
493,20,-1.1911773681640625,0.0
493,21,-1.3155134916305542,0.0
493,22,-1.4806220531463623,0.0
493,23,-1.726138710975647,0.0
493,24,-2.0877130031585693,0.0
493,25,-2.635611057281494,0.0
493,26,-3.551657199859619,0.0
493,27,-5.156325340270996,0.0
494,0,0.1991884410381317,0.0
495,0,0.18624889850616455,0.0
496,0,0.145255446434021,0.0
496,1,0.12757664918899536,0.0
496,2,0.07179737091064453,0.0
496,3,0.1337025761604309,0.0
496,4,0.10200786590576172,0.0
497,0,-0.33200836181640625,-2.0
497,1,-0.11039653420448303,-2.0
497,2,0.008906036615371704,-2.0
497,3,0.08977033197879791,-2.0
497,4,-0.0506841242313385,-2.0
497,5,-0.10561981797218323,-2.0
498,0,-24.291881561279297,0.0
499,0,-0.08671794831752777,0.0
499,1,-0.7257751226425171,0.0
499,2,-0.16376245021820068,0.0
499,3,0.17884695529937744,0.0
499,4,0.28715354204177856,0.0
500,0,0.21860425174236298,0.0
500,1,0.0032914429903030396,0.0
500,2,-0.5113793015480042,0.0
500,3,0.042538002133369446,0.0
500,4,0.009094372391700745,0.0
500,5,0.13554684817790985,0.0
500,6,0.20114459097385406,0.0
500,7,0.25432610511779785,0.0
500,8,0.23121421039104462,0.0
500,9,0.15650974214076996,0.0
500,10,0.015450432896614075,0.0
500,11,0.013724491000175476,0.0
500,12,-0.2483425885438919,0.0
501,0,-0.6470280289649963,0.0
501,1,-0.4580269157886505,0.0
501,2,-0.16074416041374207,0.0
501,3,0.013083331286907196,0.0
501,4,0.04749567061662674,0.0
501,5,-0.20227083563804626,0.0
501,6,-0.448758989572525,0.0
502,0,-0.06199178099632263,0.0
502,1,-0.0497814416885376,0.0
502,2,-0.011189162731170654,0.0
502,3,-0.01216520369052887,0.0
502,4,0.005803197622299194,0.0
502,5,0.005808055400848389,0.0
502,6,0.014118552207946777,0.0
502,7,0.017713189125061035,0.0
502,8,0.013021975755691528,0.0
502,9,0.009328693151473999,0.0
502,10,0.017985865473747253,0.0
502,11,0.015379324555397034,0.0
502,12,0.041379496455192566,0.0
502,13,-0.108104407787323,0.0
502,14,-0.2570852041244507,0.0
502,15,-0.3999735713005066,0.0
502,16,-0.53370201587677,0.0
502,17,-0.6591622233390808,0.0
502,18,-0.7729576230049133,0.0
503,0,-0.6970500349998474,0.0
503,1,-0.27084121108055115,0.0
503,2,0.08691000193357468,0.0
503,3,0.19593262672424316,0.0
504,0,-1.102311372756958,0.0
504,1,0.06525932997465134,0.0
504,2,0.1928069293498993,0.0
504,3,0.1893158257007599,0.0
504,4,-0.25384384393692017,0.0
504,5,-4.3381805419921875,0.0
505,0,-0.4496896266937256,0.0
505,1,-0.6687794327735901,0.0
505,2,-0.20673418045043945,0.0
506,0,-0.394103467464447,0.0
506,1,-0.14870811998844147,0.0
507,0,-0.9862930774688721,0.0
508,0,-2.340864658355713,0.0
509,0,-0.8433884382247925,-61.0
509,1,-1.1953113079071045,-61.0
509,2,-1.570932388305664,-61.0
509,3,-1.592499017715454,-61.0
509,4,-1.569697618484497,-61.0
509,5,-4.348144054412842,-61.0
509,6,-4.250453948974609,-61.0
509,7,-4.17593240737915,-61.0
509,8,-4.093006610870361,-61.0
509,9,-4.0252766609191895,-61.0
509,10,-3.957244634628296,-61.0
509,11,-4.910227298736572,-61.0
509,12,-5.072093486785889,-61.0
509,13,-5.01676607131958,-61.0
509,14,-5.474886417388916,-61.0
509,15,-5.593274116516113,-61.0
509,16,-5.489994049072266,-61.0
509,17,-5.456483364105225,-61.0
509,18,-5.623108386993408,-61.0
509,19,-6.037344932556152,-61.0
509,20,-5.940018177032471,-61.0
509,21,-6.217471122741699,-61.0
509,22,-6.473598957061768,-61.0
509,23,-6.380858898162842,-61.0
509,24,-6.500810146331787,-61.0
509,25,-6.696985244750977,-61.0
509,26,-6.59005880355835,-61.0
509,27,-6.73824405670166,-61.0
509,28,-6.824439525604248,-61.0
509,29,-6.992729187011719,-61.0
509,30,-7.1504998207092285,-61.0
509,31,-7.2602009773254395,-61.0
509,32,-7.29230260848999,-61.0
509,33,-7.337268352508545,-61.0
509,34,-7.516717433929443,-61.0
509,35,-7.561022758483887,-61.0
509,36,-7.2907891273498535,-61.0
509,37,-7.286733627319336,-61.0
509,38,-7.8160247802734375,-61.0
509,39,-8.412801742553711,-61.0
509,40,-8.302736282348633,-61.0
509,41,-2.826856851577759,-61.0
509,42,-2.7716002464294434,-61.0
509,43,-2.5892369747161865,-61.0
509,44,-1.938878059387207,-61.0
509,45,-1.8116345405578613,-61.0
509,46,-1.6161400079727173,-61.0
509,47,-1.2950160503387451,-61.0
509,48,-0.4989337921142578,-61.0
509,49,-0.35776975750923157,-61.0
509,50,-0.1562943160533905,-61.0
509,51,-0.13985472917556763,-61.0
509,52,-0.10390603542327881,-61.0
509,53,-0.0755276083946228,-61.0
509,54,-0.08553865551948547,-61.0
509,55,-0.09843498468399048,-61.0
509,56,-0.05828292667865753,-61.0
509,57,-0.07655838131904602,-61.0
509,58,-0.09526652097702026,-61.0
509,59,-0.04165259003639221,-61.0
509,60,-0.06359142065048218,-61.0
509,61,-0.09572005271911621,-61.0
509,62,-0.14615166187286377,-61.0
509,63,-0.24012228846549988,-61.0
509,64,-0.42545828223228455,-61.0
509,65,-0.7642467021942139,-61.0
510,0,-2.5583577156066895,0.0
511,0,-0.2202128916978836,0.0
511,1,-0.10111118853092194,0.0
511,2,0.08331221342086792,0.0
511,3,-0.031189024448394775,0.0
511,4,-0.019090399146080017,0.0
511,5,-0.12290196120738983,0.0
512,0,-0.3048405647277832,-1.0
512,1,-0.3341574966907501,-1.0
512,2,-0.05046514421701431,-1.0
512,3,-0.33577293157577515,-1.0
512,4,-0.29555144906044006,-1.0
512,5,-0.18587106466293335,-1.0
512,6,-0.1536230742931366,-1.0
512,7,-0.1685839295387268,-1.0
512,8,-0.214061439037323,-1.0
512,9,-0.2057482898235321,-1.0
512,10,-0.1608201563358307,-1.0
512,11,-0.16096115112304688,-1.0
512,12,-0.1312079131603241,-1.0
513,0,-1.2817598581314087,0.0
513,1,-0.7827706336975098,0.0
513,2,-0.6724809408187866,0.0
513,3,-0.3360300660133362,0.0
513,4,-0.08944664895534515,0.0
513,5,0.04797437787055969,0.0
513,6,0.014059528708457947,0.0
513,7,-0.02082003653049469,0.0
513,8,-0.014941424131393433,0.0
513,9,0.17763729393482208,0.0
514,0,-5.624319553375244,0.0
514,1,0.013331785798072815,0.0
515,0,-1.018534541130066,0.0
515,1,-0.20201632380485535,0.0
515,2,0.076698899269104,0.0
515,3,0.09780633449554443,0.0
515,4,0.11890630424022675,0.0
516,0,-0.3578706979751587,0.0
517,0,-1.1109991073608398,0.0
517,1,-0.23749765753746033,0.0
517,2,-0.14989560842514038,0.0
517,3,-0.08701348304748535,0.0
517,4,-0.03546905517578125,0.0
517,5,0.008502677083015442,0.0
518,0,-0.34735381603240967,0.0
518,1,0.19449345767498016,0.0
519,0,-0.08525420725345612,0.0
519,1,-0.044885724782943726,0.0
519,2,0.009427130222320557,0.0
519,3,0.04253789782524109,0.0
519,4,-0.26021379232406616,0.0
520,0,-1.2244727611541748,0.0
520,1,-0.07239484041929245,0.0
520,2,-0.08621951192617416,0.0
520,3,-0.33344584703445435,0.0
521,0,-0.3592762351036072,0.0
521,1,-0.002833425998687744,0.0
522,0,-0.3152337074279785,0.0
522,1,-0.7015665769577026,0.0
522,2,-0.69608473777771,0.0
522,3,-0.5536752939224243,0.0
522,4,-0.45785433053970337,0.0
522,5,-0.3754807114601135,0.0
522,6,-0.3342011868953705,0.0
522,7,-0.3043026626110077,0.0
522,8,-0.24171923100948334,0.0
522,9,-0.24527567625045776,0.0
522,10,-0.2504052519798279,0.0
522,11,-0.15616777539253235,0.0
522,12,-0.1537628322839737,0.0
522,13,-0.31440067291259766,0.0
522,14,-0.2860235571861267,0.0
522,15,-0.2625139355659485,0.0
522,16,-0.20704121887683868,0.0
522,17,-0.18708425760269165,0.0
522,18,-0.16887155175209045,0.0
522,19,-0.1467713713645935,0.0
522,20,-0.21691522002220154,0.0
522,21,-0.3336646854877472,0.0
522,22,-0.4239301383495331,0.0
522,23,-0.5210492014884949,0.0
522,24,-0.6257749795913696,0.0
522,25,-0.7368208169937134,0.0
522,26,-0.872969388961792,0.0
522,27,-1.0121945142745972,0.0
522,28,-1.7772877216339111,0.0
523,0,-0.4628342390060425,0.0
524,0,-1.4835293292999268,0.0
524,1,-1.5642642974853516,0.0
524,2,0.1534413993358612,0.0
524,3,-2.158146381378174,0.0
525,0,-1.0709930658340454,0.0
525,1,-2.2586047649383545,0.0
525,2,-3.4578311443328857,0.0
525,3,-4.066098690032959,0.0
525,4,-4.492434978485107,0.0
525,5,-4.654001235961914,0.0
525,6,-4.686844348907471,0.0
525,7,-4.647032737731934,0.0
525,8,-4.492786407470703,0.0
525,9,-4.449572563171387,0.0
525,10,-4.4283366203308105,0.0
525,11,-4.353654384613037,0.0
525,12,-5.212213039398193,0.0
525,13,-5.16762638092041,0.0
525,14,-7.580901622772217,0.0
525,15,-8.347142219543457,0.0
525,16,-4.384616374969482,0.0
525,17,-2.648261785507202,0.0
525,18,-1.8768519163131714,0.0
525,19,-0.36869102716445923,0.0
525,20,-0.15483897924423218,0.0
525,21,-0.07297570258378983,0.0
525,22,-0.08372602611780167,0.0
525,23,-0.08364254981279373,0.0
525,24,-0.0866502895951271,0.0
525,25,-0.08493904024362564,0.0
525,26,-0.12890353798866272,0.0
525,27,-0.10619110614061356,0.0
525,28,-0.06202382594347,0.0
525,29,0.00222691148519516,0.0
525,30,0.014762051403522491,0.0
525,31,-0.1279936134815216,0.0
525,32,-0.10017315298318863,0.0
525,33,-0.15424972772598267,0.0
525,34,-0.21379488706588745,0.0
525,35,-0.18621686100959778,0.0
525,36,-0.25130027532577515,0.0
525,37,-0.3199264407157898,0.0
525,38,-0.274745911359787,0.0
525,39,-0.3466038703918457,0.0
525,40,-0.4925599992275238,0.0
525,41,-0.5713770389556885,0.0
525,42,-0.7409554719924927,0.0
525,43,-0.8259940147399902,0.0
525,44,-0.9894193410873413,0.0
525,45,-1.1267169713974,0.0
526,0,-0.45644620060920715,0.0
527,0,-1.2645938396453857,0.0
528,0,-1.5918657779693604,0.0
528,1,-1.2754509449005127,0.0
528,2,-0.702427864074707,0.0
528,3,-0.6077709197998047,0.0
528,4,-1.3223328590393066,0.0
528,5,-0.9075268507003784,0.0
528,6,-0.21513381600379944,0.0
529,0,-0.9284112453460693,0.0
529,1,-0.0837412104010582,0.0
529,2,-1.2480828762054443,0.0
530,0,-0.37853503227233887,0.0
530,1,0.02825809270143509,0.0
531,0,-1.5266627073287964,0.0
532,0,-3.990058183670044,0.0
532,1,-0.4198354482650757,0.0
532,2,-0.15640747547149658,0.0
532,3,-0.31287187337875366,0.0
532,4,-0.3502585291862488,0.0
532,5,-0.31349092721939087,0.0
533,0,-0.7074428796768188,0.0
533,1,-0.4039461612701416,0.0
533,2,-0.2110201120376587,0.0
533,3,0.04111173003911972,0.0
534,0,0.007250256836414337,0.0
534,1,0.353861927986145,0.0
534,2,0.2112627923488617,0.0
534,3,0.1102786734700203,0.0
535,0,-1.2962970733642578,-1.0
535,1,-0.19729387760162354,-1.0
535,2,-0.2704937756061554,-1.0
535,3,-0.11863195896148682,-1.0
