episode,state_idx,predicted_value,target_value
0,0,0.041213855147361755,0.0
0,1,-0.003887191414833069,0.0
1,0,0.045109957456588745,0.0
1,1,0.03046865016222,0.0
1,2,-0.01710476726293564,0.0
1,3,-0.0199899822473526,0.0
1,4,-0.052456215023994446,0.0
1,5,-0.09530393779277802,0.0
1,6,-0.08888165652751923,0.0
1,7,-0.0939398854970932,0.0
1,8,-0.085512176156044,0.0
2,0,0.21394512057304382,0.0
2,1,0.26796555519104004,0.0
2,2,0.03295902907848358,0.0
2,3,0.01802617311477661,0.0
2,4,0.052581384778022766,0.0
2,5,0.09717537462711334,0.0
2,6,0.09887738525867462,0.0
2,7,0.0651470273733139,0.0
2,8,0.06064920127391815,0.0
2,9,0.03125345706939697,0.0
2,10,0.005054831504821777,0.0
2,11,0.008046649396419525,0.0
2,12,0.015569999814033508,0.0
2,13,-0.0027636736631393433,0.0
2,14,-0.018579155206680298,0.0
3,0,0.2668437957763672,0.0
3,1,0.20987734198570251,0.0
3,2,0.23163698613643646,0.0
3,3,0.24912472069263458,0.0
3,4,0.2638263404369354,0.0
3,5,0.24888239800930023,0.0
3,6,0.25984179973602295,0.0
3,7,0.24986052513122559,0.0
3,8,0.21989117562770844,0.0
3,9,0.21930323541164398,0.0
3,10,0.21952496469020844,0.0
3,11,0.2050318717956543,0.0
3,12,0.20649683475494385,0.0
3,13,0.20721209049224854,0.0
3,14,0.19546949863433838,0.0
3,15,0.2011604905128479,0.0
3,16,0.19273555278778076,0.0
3,17,0.18409577012062073,0.0
4,0,0.059901848435401917,-1.0
4,1,0.05521990358829498,-1.0
4,2,0.07089012861251831,-1.0
4,3,0.09682801365852356,-1.0
4,4,0.11094796657562256,-1.0
4,5,0.1197836697101593,-1.0
4,6,0.12317751348018646,-1.0
5,0,-0.10111359506845474,0.0
5,1,-0.10873853415250778,0.0
5,2,-0.138860285282135,0.0
5,3,-0.156317800283432,0.0
5,4,-0.16713371872901917,0.0
5,5,-0.21033254265785217,0.0
5,6,-0.20736894011497498,0.0
6,0,-0.10512140393257141,0.0
6,1,-0.13086117804050446,0.0
7,0,-0.08795815706253052,-1.0
7,1,-0.10232700407505035,-1.0
7,2,-0.14265362918376923,-1.0
7,3,-0.1599634438753128,-1.0
7,4,-0.1749185472726822,-1.0
7,5,-0.18364660441875458,-1.0
7,6,-0.20438571274280548,-1.0
8,0,-0.2124801129102707,0.0
9,0,-0.38640567660331726,0.0
10,0,-0.43799012899398804,-3.0
10,1,-0.46829670667648315,-3.0
10,2,-0.31149452924728394,-3.0
10,3,-0.1890052855014801,-3.0
10,4,-0.16113418340682983,-3.0
10,5,-0.12059932947158813,-3.0
10,6,-0.06253394484519958,-3.0
10,7,-0.21623718738555908,-3.0
10,8,-0.3549549877643585,-3.0
11,0,-0.220163494348526,0.0
11,1,-0.20829686522483826,0.0
12,0,-0.02498003840446472,0.0
12,1,0.002144947648048401,0.0
12,2,0.02040688693523407,0.0
13,0,-0.4746997654438019,0.0
13,1,-0.49243274331092834,0.0
13,2,-0.49242743849754333,0.0
13,3,-0.4881484806537628,0.0
13,4,-0.551163375377655,0.0
13,5,-0.548870861530304,0.0
13,6,-0.5496296882629395,0.0
13,7,-0.5466618537902832,0.0
13,8,-0.552748441696167,0.0
13,9,-0.5568404793739319,0.0
14,0,-0.5521632432937622,0.0
15,0,0.1962519884109497,-1.0
15,1,0.25904807448387146,-1.0
15,2,0.27424171566963196,-1.0
16,0,0.16749748587608337,-1.0
16,1,0.05548741668462753,-1.0
16,2,0.08845747262239456,-1.0
16,3,0.06875618547201157,-1.0
16,4,0.07265578955411911,-1.0
16,5,0.07018142193555832,-1.0
17,0,0.11411845684051514,-12.0
17,1,0.06156863272190094,-12.0
17,2,0.058176785707473755,-12.0
17,3,-0.12759432196617126,-12.0
17,4,0.053892217576503754,-12.0
17,5,0.05483270436525345,-12.0
17,6,0.04314114898443222,-12.0
17,7,-0.003250040113925934,-12.0
17,8,0.035023413598537445,-12.0
17,9,0.04730819910764694,-12.0
17,10,0.048205070197582245,-12.0
17,11,0.03985012322664261,-12.0
17,12,0.03859447315335274,-12.0
17,13,0.030901294201612473,-12.0
17,14,0.027513854205608368,-12.0
17,15,0.02423640340566635,-12.0
17,16,0.030777286738157272,-12.0
18,0,-0.10910718142986298,0.0
19,0,-0.17058995366096497,0.0
19,1,-0.170640766620636,0.0
19,2,-0.17026683688163757,0.0
19,3,-0.16627651453018188,0.0
20,0,-0.36045902967453003,0.0
20,1,-0.3755192160606384,0.0
20,2,-0.39972180128097534,0.0
20,3,-0.4217711091041565,0.0
20,4,-0.42069095373153687,0.0
20,5,-0.43140989542007446,0.0
20,6,-0.45129871368408203,0.0
20,7,-0.4568806290626526,0.0
20,8,-0.46728551387786865,0.0
20,9,-0.5425399541854858,0.0
20,10,-0.5346485376358032,0.0
20,11,-0.5632472634315491,0.0
20,12,-0.5751688480377197,0.0
21,0,-0.7628452777862549,-1.0
21,1,-0.7843573689460754,-1.0
21,2,-0.7881736159324646,-1.0
22,0,-0.8028045892715454,0.0
23,0,-0.5001986026763916,-14.0
23,1,-0.7055118083953857,-14.0
23,2,-0.6974143385887146,-14.0
23,3,-0.6964266300201416,-14.0
23,4,-0.6984480619430542,-14.0
23,5,-0.699030339717865,-14.0
23,6,-0.6944220662117004,-14.0
23,7,-0.6935194730758667,-14.0
23,8,-0.6944214105606079,-14.0
23,9,-0.7054924964904785,-14.0
23,10,-0.7022692561149597,-14.0
23,11,-0.7003562450408936,-14.0
23,12,-0.707394540309906,-14.0
23,13,-0.7101966142654419,-14.0
23,14,-0.709129810333252,-14.0
23,15,-0.7082027792930603,-14.0
23,16,-0.7079629302024841,-14.0
23,17,-0.7091395258903503,-14.0
23,18,-0.7094779014587402,-14.0
23,19,-0.7095208168029785,-14.0
23,20,-0.7078856229782104,-14.0
23,21,-0.7064646482467651,-14.0
23,22,-0.7059436440467834,-14.0
23,23,-0.7033157348632812,-14.0
24,0,-0.8283655047416687,0.0
24,1,-0.8227548003196716,0.0
24,2,-0.8210482001304626,0.0
24,3,-0.7759016156196594,0.0
24,4,-0.7870779633522034,0.0
25,0,-0.8724046945571899,0.0
25,1,-0.8401435017585754,0.0
25,2,-0.8211275339126587,0.0
25,3,-0.8049478530883789,0.0
25,4,-0.7839727401733398,0.0
26,0,-0.9580613374710083,0.0
26,1,-0.9726575613021851,0.0
27,0,-0.9097814559936523,-8.0
27,1,-1.0138170719146729,-8.0
27,2,-1.0147734880447388,-8.0
27,3,-1.01669442653656,-8.0
27,4,-1.0169308185577393,-8.0
27,5,-1.012612223625183,-8.0
27,6,-1.0091850757598877,-8.0
27,7,-1.0065395832061768,-8.0
27,8,-0.9997761249542236,-8.0
27,9,-0.9985637664794922,-8.0
27,10,-0.9938523769378662,-8.0
27,11,-0.9849686622619629,-8.0
27,12,-0.9809569120407104,-8.0
28,0,-0.653540849685669,0.0
28,1,-0.994540274143219,0.0
29,0,-0.19912093877792358,0.0
29,1,-0.18811365962028503,0.0
29,2,-0.22663992643356323,0.0
29,3,-0.08713526278734207,0.0
29,4,-0.17486873269081116,0.0
29,5,-0.21237748861312866,0.0
29,6,-0.27601996064186096,0.0
30,0,-1.1463960409164429,0.0
31,0,-0.06768234819173813,0.0
31,1,-0.07275328785181046,0.0
31,2,-0.0728125348687172,0.0
31,3,-0.10488932579755783,0.0
31,4,-0.13141095638275146,0.0
32,0,-0.41518881916999817,0.0
33,0,-0.7672430276870728,0.0
33,1,-0.6953406929969788,0.0
34,0,0.08889610320329666,0.0
34,1,0.04316144436597824,0.0
34,2,0.022083662450313568,0.0
34,3,0.014046885073184967,0.0
34,4,0.012491568922996521,0.0
35,0,-0.35309064388275146,0.0
36,0,0.013238802552223206,0.0
36,1,0.08253335952758789,0.0
36,2,0.1114678606390953,0.0
37,0,-0.03317584469914436,0.0
37,1,-0.054758746176958084,0.0
37,2,-0.24454356729984283,0.0
37,3,-0.3178033232688904,0.0
37,4,-0.5751944780349731,0.0
38,0,-0.4772612750530243,0.0
38,1,-0.40531954169273376,0.0
39,0,0.20840111374855042,-6.0
39,1,0.20174437761306763,-6.0
39,2,0.19486621022224426,-6.0
39,3,0.2259724736213684,-6.0
39,4,0.21074309945106506,-6.0
39,5,0.24894672632217407,-6.0
39,6,0.22571343183517456,-6.0
39,7,0.241308331489563,-6.0
39,8,0.27475506067276,-6.0
40,0,-1.59048330783844,-3.0
40,1,-1.6098800897598267,-3.0
40,2,-1.5749303102493286,-3.0
40,3,-1.5443836450576782,-3.0
40,4,-1.486860752105713,-3.0
40,5,-1.5624178647994995,-3.0
40,6,-1.525187611579895,-3.0
40,7,-1.4900527000427246,-3.0
40,8,-1.5667288303375244,-3.0
40,9,-1.582210898399353,-3.0
40,10,-1.6093605756759644,-3.0
40,11,-1.6136393547058105,-3.0
40,12,-1.6083272695541382,-3.0
40,13,-1.6241003274917603,-3.0
40,14,-1.6341243982315063,-3.0
40,15,-1.640681266784668,-3.0
40,16,-1.639356255531311,-3.0
40,17,-1.6406506299972534,-3.0
40,18,-1.6470202207565308,-3.0
40,19,-1.6497523784637451,-3.0
40,20,-1.6522445678710938,-3.0
41,0,0.14179837703704834,-1.0
41,1,0.13448980450630188,-1.0
41,2,0.17983543872833252,-1.0
41,3,0.20951563119888306,-1.0
41,4,0.22573301196098328,-1.0
41,5,0.25076931715011597,-1.0
41,6,0.2840132415294647,-1.0
41,7,0.30899298191070557,-1.0
41,8,0.32628586888313293,-1.0
42,0,-1.750623345375061,-2.0
42,1,-1.7121623754501343,-2.0
42,2,-1.7242411375045776,-2.0
42,3,-1.7399200201034546,-2.0
42,4,-1.739033579826355,-2.0
42,5,-1.7417049407958984,-2.0
42,6,-1.7417463064193726,-2.0
42,7,-1.7476781606674194,-2.0
42,8,-1.7472742795944214,-2.0
42,9,-1.751850962638855,-2.0
42,10,-1.7545067071914673,-2.0
42,11,-1.7557601928710938,-2.0
42,12,-1.7531003952026367,-2.0
42,13,-1.7532342672348022,-2.0
42,14,-1.7534369230270386,-2.0
42,15,-1.754194736480713,-2.0
43,0,-1.7881481647491455,0.0
43,1,-1.7770816087722778,0.0
43,2,-1.7843961715698242,0.0
43,3,-1.800719976425171,0.0
43,4,-1.8013243675231934,0.0
43,5,-1.778098702430725,0.0
43,6,-1.7523186206817627,0.0
44,0,-0.07928213477134705,-4.0
44,1,-0.05877828598022461,-4.0
44,2,-0.03671267628669739,-4.0
44,3,-0.12152646481990814,-4.0
44,4,-0.17097057402133942,-4.0
44,5,-0.16982710361480713,-4.0
44,6,-0.16474810242652893,-4.0
44,7,-0.20222565531730652,-4.0
45,0,-0.21698421239852905,-13.0
45,1,-0.2927893102169037,-13.0
45,2,-0.2751608192920685,-13.0
45,3,-0.1632421761751175,-13.0
45,4,-0.15974491834640503,-13.0
45,5,-0.15038594603538513,-13.0
45,6,-0.09692087769508362,-13.0
45,7,-0.08666367828845978,-13.0
45,8,-0.08996833860874176,-13.0
45,9,-0.06987681984901428,-13.0
45,10,-0.07703864574432373,-13.0
45,11,-0.10212165117263794,-13.0
45,12,-0.1228126585483551,-13.0
45,13,-0.13823246955871582,-13.0
45,14,-0.14064446091651917,-13.0
45,15,-0.11035624146461487,-13.0
45,16,-0.08685643970966339,-13.0
46,0,-1.5670098066329956,-5.0
46,1,-1.7472424507141113,-5.0
46,2,-1.7873021364212036,-5.0
46,3,-1.7983286380767822,-5.0
46,4,-1.8026901483535767,-5.0
46,5,-1.812018632888794,-5.0
46,6,-1.8179422616958618,-5.0
46,7,-1.8175972700119019,-5.0
46,8,-1.8029545545578003,-5.0
46,9,-1.788260579109192,-5.0
47,0,-1.6029475927352905,-1.0
47,1,-1.613289475440979,-1.0
47,2,-1.6110031604766846,-1.0
47,3,-1.597232460975647,-1.0
47,4,-1.6066917181015015,-1.0
47,5,-1.6096748113632202,-1.0
47,6,-1.6223278045654297,-1.0
47,7,-1.620691180229187,-1.0
48,0,-1.3193228244781494,-2.0
48,1,-1.3067617416381836,-2.0
48,2,-1.5674601793289185,-2.0
48,3,-1.880354642868042,-2.0
48,4,-1.8484724760055542,-2.0
48,5,-1.8649590015411377,-2.0
49,0,-1.4568376541137695,0.0
49,1,-1.491737723350525,0.0
50,0,-1.0287460088729858,0.0
50,1,-1.0072520971298218,0.0
50,2,-0.974446177482605,0.0
51,0,-1.7925962209701538,0.0
52,0,-0.25089457631111145,0.0
53,0,-1.4562475681304932,0.0
54,0,-0.7047128677368164,0.0
54,1,-2.0600364208221436,0.0
54,2,-2.0014398097991943,0.0
55,0,-2.1657073497772217,0.0
55,1,-2.2517030239105225,0.0
56,0,-0.8355404138565063,-8.0
56,1,-1.3574457168579102,-8.0
56,2,-1.5283746719360352,-8.0
56,3,-1.6874017715454102,-8.0
56,4,-1.6775999069213867,-8.0
56,5,-1.7533636093139648,-8.0
56,6,-1.8132892847061157,-8.0
56,7,-1.820507287979126,-8.0
56,8,-1.73880934715271,-8.0
56,9,-1.7207425832748413,-8.0
57,0,-2.0126755237579346,20.0
57,1,-2.253509998321533,20.0
57,2,-2.244086980819702,20.0
57,3,-2.249018907546997,20.0
57,4,-2.250208854675293,20.0
57,5,-2.2418532371520996,20.0
57,6,-2.2479043006896973,20.0
57,7,-2.249630928039551,20.0
57,8,-2.2582459449768066,20.0
57,9,-2.2539076805114746,20.0
57,10,-2.257166862487793,20.0
57,11,-2.261202335357666,20.0
57,12,-2.263684034347534,20.0
57,13,-2.2635867595672607,20.0
57,14,-2.2652828693389893,20.0
57,15,-2.2676923274993896,20.0
57,16,-2.2649097442626953,20.0
57,17,-2.258877754211426,20.0
57,18,-2.244906425476074,20.0
57,19,-2.2495274543762207,20.0
57,20,-2.2505295276641846,20.0
57,21,-2.248340129852295,20.0
57,22,-2.248957633972168,20.0
57,23,-2.250943183898926,20.0
57,24,-2.253427505493164,20.0
57,25,-2.2417263984680176,20.0
57,26,-2.2431726455688477,20.0
57,27,-2.2418813705444336,20.0
57,28,-2.2419981956481934,20.0
57,29,-2.2394657135009766,20.0
57,30,-2.238825798034668,20.0
57,31,-2.230618476867676,20.0
57,32,-2.2213125228881836,20.0
57,33,-2.2093348503112793,20.0
57,34,-2.2017786502838135,20.0
57,35,-2.203798770904541,20.0
57,36,-2.1968328952789307,20.0
57,37,-2.1931796073913574,20.0
57,38,-2.193227767944336,20.0
57,39,-2.1793694496154785,20.0
58,0,-2.0059032440185547,-1.0
58,1,-2.196357250213623,-1.0
58,2,-2.183995246887207,-1.0
58,3,-2.176602363586426,-1.0
58,4,-2.176945209503174,-1.0
58,5,-2.1802327632904053,-1.0
58,6,-2.176335334777832,-1.0
58,7,-2.1754848957061768,-1.0
59,0,-2.327204465866089,0.0
59,1,-2.343552350997925,0.0
59,2,-2.256115436553955,0.0
59,3,-2.300842523574829,0.0
59,4,-2.2574551105499268,0.0
60,0,-0.17295235395431519,0.0
61,0,-0.038066036999225616,0.0
62,0,-2.0613913536071777,-8.0
62,1,-2.378939628601074,-8.0
62,2,-2.3788788318634033,-8.0
62,3,-2.3135178089141846,-8.0
62,4,-2.2976276874542236,-8.0
62,5,-2.2525341510772705,-8.0
62,6,-2.257045030593872,-8.0
62,7,-2.228580951690674,-8.0
62,8,-2.1344754695892334,-8.0
62,9,-2.114309310913086,-8.0
62,10,-2.039172410964966,-8.0
62,11,-1.9197344779968262,-8.0
62,12,-1.7196012735366821,-8.0
62,13,-1.7559336423873901,-8.0
62,14,-1.5634512901306152,-8.0
62,15,-1.4071636199951172,-8.0
63,0,-1.1172890663146973,0.0
64,0,-0.34893161058425903,0.0
64,1,-0.2752280831336975,0.0
65,0,-2.047797918319702,0.0
65,1,-1.316264033317566,0.0
66,0,0.4877109229564667,-2.0
66,1,0.14135783910751343,-2.0
66,2,0.19527751207351685,-2.0
66,3,0.22643128037452698,-2.0
67,0,-2.2583065032958984,0.0
67,1,-2.0412938594818115,0.0
67,2,-2.497849941253662,0.0
68,0,0.7047231793403625,-21.0
68,1,0.6400521993637085,-21.0
68,2,0.6614835858345032,-21.0
68,3,0.6138615608215332,-21.0
68,4,0.6015313863754272,-21.0
68,5,0.5974881649017334,-21.0
68,6,0.6277297139167786,-21.0
68,7,0.6409146785736084,-21.0
68,8,0.6457797884941101,-21.0
68,9,0.6518840193748474,-21.0
68,10,0.6623421907424927,-21.0
68,11,0.6683366894721985,-21.0
68,12,0.662044107913971,-21.0
68,13,0.6699639558792114,-21.0
68,14,0.6662081480026245,-21.0
68,15,0.6634324789047241,-21.0
68,16,0.6649864315986633,-21.0
68,17,0.6607117056846619,-21.0
68,18,0.6570335626602173,-21.0
68,19,0.6559629440307617,-21.0
68,20,0.6612995862960815,-21.0
68,21,0.6592330932617188,-21.0
68,22,0.6578562259674072,-21.0
68,23,0.6610153913497925,-21.0
68,24,0.6931397914886475,-21.0
68,25,0.6953163146972656,-21.0
69,0,0.02439393848180771,0.0
70,0,-2.4976985454559326,0.0
71,0,-2.570664167404175,-1.0
71,1,-2.784841537475586,-1.0
71,2,-2.7952637672424316,-1.0
71,3,-2.8266289234161377,-1.0
71,4,-2.8176493644714355,-1.0
71,5,-2.79634428024292,-1.0
71,6,-2.792229175567627,-1.0
71,7,-2.7755770683288574,-1.0
72,0,-0.5444338917732239,-10.0
72,1,-0.8981975317001343,-10.0
72,2,-0.6848220825195312,-10.0
72,3,0.9356081485748291,-10.0
72,4,1.159434199333191,-10.0
72,5,1.2351914644241333,-10.0
72,6,1.2769650220870972,-10.0
72,7,1.2638064622879028,-10.0
72,8,1.2792396545410156,-10.0
72,9,1.2662721872329712,-10.0
72,10,1.2608574628829956,-10.0
72,11,1.2774145603179932,-10.0
72,12,1.2605706453323364,-10.0
73,0,0.10456293821334839,0.0
73,1,0.18194276094436646,0.0
74,0,-0.924869954586029,0.0
74,1,-1.3925225734710693,0.0
74,2,-1.164305567741394,0.0
74,3,-1.1323424577713013,0.0
75,0,-0.9538399577140808,0.0
76,0,-0.281917542219162,-1.0
76,1,-0.5931462049484253,-1.0
76,2,-0.39545753598213196,-1.0
76,3,-0.4771856963634491,-1.0
76,4,-0.7286832928657532,-1.0
77,0,-0.34694036841392517,-4.0
77,1,-0.46776455640792847,-4.0
77,2,-0.46583884954452515,-4.0
77,3,-0.5562641620635986,-4.0
77,4,-0.5761304497718811,-4.0
77,5,-0.6162160038948059,-4.0
77,6,-0.5757811069488525,-4.0
77,7,-0.6795327663421631,-4.0
77,8,-0.702033281326294,-4.0
77,9,-0.7406493425369263,-4.0
78,0,-0.9952189326286316,0.0
78,1,-0.7066076993942261,0.0
78,2,-0.7000975608825684,0.0
78,3,-0.6375530958175659,0.0
78,4,-0.5794640183448792,0.0
78,5,-0.5687406063079834,0.0
78,6,-0.5803702473640442,0.0
78,7,-0.5642334222793579,0.0
79,0,-2.991459846496582,-19.0
79,1,-2.896080493927002,-19.0
79,2,-2.97475004196167,-19.0
79,3,-2.9872870445251465,-19.0
79,4,-2.8814826011657715,-19.0
79,5,-2.94718074798584,-19.0
79,6,-2.9447920322418213,-19.0
79,7,-2.943812131881714,-19.0
79,8,-2.8936986923217773,-19.0
79,9,-2.8923189640045166,-19.0
79,10,-2.8995003700256348,-19.0
79,11,-2.8309214115142822,-19.0
79,12,-2.8292250633239746,-19.0
79,13,-2.8280816078186035,-19.0
79,14,-2.8037893772125244,-19.0
79,15,-2.8282573223114014,-19.0
79,16,-2.8260040283203125,-19.0
79,17,-2.801525354385376,-19.0
79,18,-2.810244083404541,-19.0
79,19,-2.807757616043091,-19.0
79,20,-2.8061864376068115,-19.0
79,21,-2.7558035850524902,-19.0
79,22,-2.694596767425537,-19.0
79,23,-2.691129446029663,-19.0
79,24,-2.666154384613037,-19.0
79,25,-2.630546808242798,-19.0
79,26,-2.6276659965515137,-19.0
79,27,-2.6216988563537598,-19.0
80,0,-2.3049511909484863,-4.0
80,1,-1.5753252506256104,-4.0
80,2,-1.4552096128463745,-4.0
80,3,-2.5520615577697754,-4.0
80,4,-2.518317222595215,-4.0
80,5,-2.3757200241088867,-4.0
80,6,-2.2162489891052246,-4.0
80,7,-2.3293402194976807,-4.0
80,8,-2.402503490447998,-4.0
80,9,-2.700387954711914,-4.0
80,10,-2.793285608291626,-4.0
80,11,-2.861290454864502,-4.0
80,12,-2.850785255432129,-4.0
80,13,-2.8511409759521484,-4.0
80,14,-2.839722156524658,-4.0
81,0,-0.04833167791366577,0.0
82,0,1.738760232925415,0.0
83,0,-2.515725612640381,0.0
83,1,-1.3030802011489868,0.0
83,2,-0.7807689905166626,0.0
83,3,-0.7569020390510559,0.0
84,0,0.5779279470443726,0.0
85,0,-1.8655730485916138,0.0
85,1,-1.1908345222473145,0.0
86,0,-0.730430006980896,-2.0
86,1,-0.91147381067276,-2.0
86,2,-0.5290929675102234,-2.0
86,3,-0.6755266785621643,-2.0
86,4,-1.320703148841858,-2.0
86,5,-1.3353456258773804,-2.0
86,6,-2.091677665710449,-2.0
87,0,-0.4689849615097046,0.0
87,1,-0.28443846106529236,0.0
87,2,-0.16459718346595764,0.0
87,3,-0.3331824243068695,0.0
87,4,-0.4297980070114136,0.0
87,5,-0.31589779257774353,0.0
87,6,-0.3327302038669586,0.0
88,0,-3.6466405391693115,-1.0
88,1,-3.754790782928467,-1.0
88,2,-3.7436680793762207,-1.0
88,3,-3.8092458248138428,-1.0
88,4,-3.841507911682129,-1.0
89,0,-3.3103599548339844,-2.0
89,1,-3.8181774616241455,-2.0
89,2,-3.6533286571502686,-2.0
89,3,-3.610710859298706,-2.0
89,4,-3.8283419609069824,-2.0
89,5,-3.8584630489349365,-2.0
89,6,-3.8388140201568604,-2.0
89,7,-3.7821550369262695,-2.0
90,0,0.16532328724861145,0.0
90,1,-0.21473649144172668,0.0
91,0,-0.7157265543937683,-7.0
91,1,-1.281870722770691,-7.0
91,2,-1.3266557455062866,-7.0
91,3,-1.4211076498031616,-7.0
91,4,-1.3612321615219116,-7.0
91,5,-1.2649000883102417,-7.0
91,6,-1.2808927297592163,-7.0
91,7,-1.2224551439285278,-7.0
91,8,-1.1959341764450073,-7.0
91,9,-1.181043267250061,-7.0
91,10,-1.1072620153427124,-7.0
91,11,-1.1004023551940918,-7.0
91,12,-1.0862810611724854,-7.0
91,13,-1.0727423429489136,-7.0
91,14,-1.0643357038497925,-7.0
91,15,-0.9567174315452576,-7.0
91,16,-0.9296641945838928,-7.0
91,17,-0.9005216956138611,-7.0
91,18,-0.8430349230766296,-7.0
91,19,-0.8147547245025635,-7.0
91,20,-0.772015392780304,-7.0
91,21,-0.7267070412635803,-7.0
91,22,-0.6963215470314026,-7.0
91,23,-0.6634117960929871,-7.0
91,24,-0.6240207552909851,-7.0
91,25,-0.5832709670066833,-7.0
92,0,-0.02483009174466133,0.0
93,0,-4.025356292724609,-1.0
93,1,-3.6617918014526367,-1.0
93,2,-3.5058445930480957,-1.0
93,3,-2.647545576095581,-1.0
93,4,-1.7440251111984253,-1.0
93,5,-2.218590497970581,-1.0
94,0,-4.317081928253174,20.0
94,1,-3.1315128803253174,20.0
94,2,-2.8580119609832764,20.0
94,3,-3.1362698078155518,20.0
94,4,-2.676928997039795,20.0
94,5,-2.8331105709075928,20.0
94,6,-2.4796195030212402,20.0
94,7,-2.0646536350250244,20.0
94,8,-1.7926723957061768,20.0
94,9,-3.643672227859497,20.0
94,10,-4.341629981994629,20.0
94,11,-4.341609001159668,20.0
94,12,-4.326988697052002,20.0
94,13,-4.3389739990234375,20.0
94,14,-4.338959693908691,20.0
94,15,-4.338668346405029,20.0
94,16,-4.338652610778809,20.0
94,17,-4.338190078735352,20.0
94,18,-4.338669300079346,20.0
94,19,-4.337909698486328,20.0
94,20,-4.324650764465332,20.0
94,21,-4.324115753173828,20.0
94,22,-4.33009147644043,20.0
94,23,-4.330043315887451,20.0
94,24,-4.329922676086426,20.0
94,25,-4.319609642028809,20.0
94,26,-4.32469367980957,20.0
94,27,-4.313662528991699,20.0
94,28,-4.310056686401367,20.0
94,29,-4.318984508514404,20.0
94,30,-4.318695068359375,20.0
94,31,-4.321439743041992,20.0
94,32,-4.321618556976318,20.0
94,33,-4.321218967437744,20.0
94,34,-4.320674896240234,20.0
94,35,-4.320384979248047,20.0
94,36,-4.3162336349487305,20.0
94,37,-4.315947532653809,20.0
94,38,-4.315302848815918,20.0
94,39,-4.318602561950684,20.0
95,0,-4.361584663391113,0.0
95,1,-4.294262886047363,0.0
95,2,-4.020829200744629,0.0
95,3,-4.117625713348389,0.0
96,0,-4.306221008300781,-4.0
96,1,-4.23339319229126,-4.0
96,2,-4.2208075523376465,-4.0
96,3,-4.215120792388916,-4.0
96,4,-4.244354724884033,-4.0
96,5,-4.2489848136901855,-4.0
96,6,-4.26930046081543,-4.0
96,7,-4.265391826629639,-4.0
96,8,-4.277501583099365,-4.0
96,9,-4.251095294952393,-4.0
96,10,-4.2533955574035645,-4.0
96,11,-4.260441303253174,-4.0
96,12,-4.272711277008057,-4.0
97,0,-0.433976948261261,0.0
98,0,-3.494999408721924,0.0
98,1,-3.6250548362731934,0.0
98,2,-3.169577121734619,0.0
98,3,-3.295135736465454,0.0
98,4,-3.1907191276550293,0.0
98,5,-3.104313611984253,0.0
99,0,-0.2387598752975464,0.0
100,0,-1.2847188711166382,0.0
100,1,-0.5929310917854309,0.0
100,2,-0.5339341759681702,0.0
100,3,-0.7598772048950195,0.0
100,4,-0.6073566675186157,0.0
100,5,-0.6275284290313721,0.0
101,0,0.029774265363812447,0.0
101,1,-0.44258397817611694,0.0
102,0,-1.858336091041565,0.0
103,0,-3.930241823196411,-3.0
103,1,-4.632173538208008,-3.0
103,2,-4.329368591308594,-3.0
103,3,-4.018423557281494,-3.0
103,4,-3.673926591873169,-3.0
103,5,-3.4106569290161133,-3.0
103,6,-3.0405242443084717,-3.0
103,7,-2.7095344066619873,-3.0
103,8,-2.548125743865967,-3.0
103,9,-2.4530858993530273,-3.0
103,10,-2.152573347091675,-3.0
103,11,-2.047346830368042,-3.0
104,0,0.10724356770515442,-10.0
104,1,0.30709174275398254,-10.0
104,2,0.5399864315986633,-10.0
104,3,0.7177588939666748,-10.0
104,4,0.45966243743896484,-10.0
104,5,0.356993705034256,-10.0
104,6,0.47301486134529114,-10.0
104,7,0.3177696466445923,-10.0
104,8,0.3406309187412262,-10.0
104,9,0.40395209193229675,-10.0
104,10,0.3058054447174072,-10.0
104,11,0.36945411562919617,-10.0
104,12,0.521884024143219,-10.0
104,13,0.61329185962677,-10.0
104,14,0.5946921110153198,-10.0
105,0,-0.23537541925907135,0.0
105,1,-0.19484861195087433,0.0
105,2,0.039654094725847244,0.0
105,3,-0.015934716910123825,0.0
105,4,0.09357787668704987,0.0
105,5,0.032466042786836624,0.0
105,6,0.12450145184993744,0.0
105,7,0.07477177679538727,0.0
105,8,0.009112108498811722,0.0
105,9,0.11038340628147125,0.0
105,10,0.16150546073913574,0.0
106,0,-3.0519747734069824,0.0
107,0,-2.0081331729888916,-4.0
107,1,-1.9460639953613281,-4.0
107,2,-1.358780860900879,-4.0
107,3,-1.2959352731704712,-4.0
107,4,-1.069449782371521,-4.0
107,5,-0.7880969047546387,-4.0
107,6,-0.6015433669090271,-4.0
108,0,-1.623396635055542,0.0
108,1,-3.0356383323669434,0.0
109,0,-0.14596417546272278,0.0
109,1,-0.052103929221630096,0.0
109,2,0.00011115148663520813,0.0
109,3,0.07952064275741577,0.0
110,0,-4.539674758911133,-19.0
110,1,-4.99357795715332,-19.0
110,2,-4.958431243896484,-19.0
110,3,-4.948472499847412,-19.0
110,4,-4.945674896240234,-19.0
110,5,-4.935179710388184,-19.0
110,6,-4.9295501708984375,-19.0
110,7,-4.930759429931641,-19.0
110,8,-4.93002462387085,-19.0
110,9,-4.930335998535156,-19.0
110,10,-4.861866474151611,-19.0
110,11,-4.86069917678833,-19.0
110,12,-4.823774337768555,-19.0
110,13,-4.771916389465332,-19.0
110,14,-4.726284980773926,-19.0
110,15,-4.702668190002441,-19.0
110,16,-4.684139251708984,-19.0
110,17,-4.647701263427734,-19.0
110,18,-4.638003349304199,-19.0
110,19,-4.613762855529785,-19.0
110,20,-4.568946361541748,-19.0
110,21,-4.53492546081543,-19.0
110,22,-4.545546531677246,-19.0
110,23,-4.515881061553955,-19.0
110,24,-4.4601593017578125,-19.0
110,25,-4.323457717895508,-19.0
110,26,-4.1905012130737305,-19.0
110,27,-3.9583160877227783,-19.0
110,28,-3.615588903427124,-19.0
111,0,-0.9979043006896973,0.0
112,0,-5.048527240753174,0.0
112,1,-4.350210666656494,0.0
112,2,-4.756042957305908,0.0
112,3,-4.915740013122559,0.0
112,4,-4.836602210998535,0.0
112,5,-4.849325656890869,0.0
113,0,2.837305784225464,-23.0
113,1,2.7813527584075928,-23.0
113,2,2.9032061100006104,-23.0
113,3,2.9509081840515137,-23.0
113,4,2.8884270191192627,-23.0
113,5,2.91862416267395,-23.0
113,6,2.8727943897247314,-23.0
113,7,2.7819883823394775,-23.0
113,8,2.763129472732544,-23.0
113,9,2.7953531742095947,-23.0
113,10,2.733656167984009,-23.0
113,11,2.5954349040985107,-23.0
113,12,2.4849982261657715,-23.0
113,13,2.422003984451294,-23.0
113,14,2.4888927936553955,-23.0
113,15,2.474912405014038,-23.0
113,16,2.507591724395752,-23.0
113,17,2.543294906616211,-23.0
113,18,2.5576932430267334,-23.0
113,19,2.4959475994110107,-23.0
113,20,2.4610378742218018,-23.0
113,21,2.43152117729187,-23.0
113,22,2.426147222518921,-23.0
113,23,2.38393235206604,-23.0
113,24,2.385209321975708,-23.0
113,25,2.363657236099243,-23.0
113,26,2.3439648151397705,-23.0
113,27,2.381169080734253,-23.0
113,28,2.3839123249053955,-23.0
113,29,2.3758842945098877,-23.0
114,0,3.323849678039551,-1.0
114,1,3.3597030639648438,-1.0
114,2,3.29707407951355,-1.0
114,3,3.3023691177368164,-1.0
114,4,3.281822443008423,-1.0
114,5,3.267972946166992,-1.0
114,6,3.270387649536133,-1.0
115,0,-1.718316674232483,0.0
115,1,-1.0381625890731812,0.0
115,2,-0.9754267930984497,0.0
115,3,-0.9344878792762756,0.0
115,4,-0.8421290516853333,0.0
115,5,-0.7775160670280457,0.0
115,6,-0.7532668113708496,0.0
115,7,-0.7230113744735718,0.0
115,8,-0.7355462312698364,0.0
115,9,-0.5748990774154663,0.0
115,10,-0.5578616857528687,0.0
115,11,-0.5188470482826233,0.0
115,12,-0.5042412877082825,0.0
115,13,-0.48763489723205566,0.0
115,14,-0.46434444189071655,0.0
115,15,-0.47579705715179443,0.0
115,16,-0.47753727436065674,0.0
115,17,-0.471896767616272,0.0
115,18,-0.21826189756393433,0.0
116,0,-2.107905864715576,-11.0
116,1,-1.7325479984283447,-11.0
116,2,-0.6865154504776001,-11.0
116,3,-0.754369854927063,-11.0
116,4,-0.4912124574184418,-11.0
116,5,-0.08359994739294052,-11.0
116,6,-0.7346077561378479,-11.0
116,7,-0.37952616810798645,-11.0
116,8,-0.28967633843421936,-11.0
116,9,-0.19512209296226501,-11.0
116,10,0.09482661634683609,-11.0
116,11,0.18902260065078735,-11.0
116,12,-0.013032399117946625,-11.0
116,13,-0.20354223251342773,-11.0
116,14,-0.3074839413166046,-11.0
116,15,-0.229854017496109,-11.0
116,16,-0.27166303992271423,-11.0
116,17,-0.029527507722377777,-11.0
116,18,0.05424300581216812,-11.0
116,19,0.04958174377679825,-11.0
116,20,0.07547590881586075,-11.0
116,21,0.15108612179756165,-11.0
117,0,-1.0879004001617432,0.0
118,0,0.25905051827430725,-15.0
118,1,-0.04154595732688904,-15.0
118,2,0.2657364010810852,-15.0
118,3,0.3847388029098511,-15.0
118,4,0.5229235887527466,-15.0
118,5,0.6022926568984985,-15.0
118,6,0.6214749813079834,-15.0
118,7,0.6531182527542114,-15.0
118,8,0.6995376348495483,-15.0
118,9,0.6980373859405518,-15.0
118,10,0.7248694896697998,-15.0
118,11,0.7504979372024536,-15.0
118,12,0.7722539901733398,-15.0
118,13,0.7622456550598145,-15.0
118,14,0.7591030597686768,-15.0
118,15,0.757061243057251,-15.0
118,16,0.6766225099563599,-15.0
118,17,0.022214367985725403,-15.0
118,18,0.05416633188724518,-15.0
119,0,-2.2434041500091553,0.0
119,1,-2.436859369277954,0.0
120,0,-4.251973628997803,0.0
120,1,-4.113083362579346,0.0
120,2,-4.167261600494385,0.0
121,0,-5.603038311004639,-1.0
121,1,-5.589223861694336,-1.0
121,2,-5.4679975509643555,-1.0
121,3,-5.356835842132568,-1.0
121,4,-5.250836372375488,-1.0
121,5,-5.483200550079346,-1.0
121,6,-5.162569522857666,-1.0
121,7,-5.128878593444824,-1.0
121,8,-5.045527935028076,-1.0
121,9,-5.012283802032471,-1.0
121,10,-4.961607456207275,-1.0
121,11,-4.8729634284973145,-1.0
121,12,-4.815676689147949,-1.0
122,0,-3.8071975708007812,0.0
122,1,-3.707381010055542,0.0
122,2,-3.7211556434631348,0.0
123,0,0.898698091506958,-19.0
123,1,1.0012778043746948,-19.0
123,2,1.1043118238449097,-19.0
123,3,1.0155622959136963,-19.0
123,4,0.9996229410171509,-19.0
123,5,0.9373432397842407,-19.0
123,6,0.901465892791748,-19.0
123,7,0.9024108648300171,-19.0
123,8,0.8625513315200806,-19.0
123,9,0.8585702776908875,-19.0
123,10,0.8303873538970947,-19.0
123,11,0.805583655834198,-19.0
123,12,0.787783145904541,-19.0
123,13,0.7498561143875122,-19.0
123,14,0.7304564118385315,-19.0
123,15,0.6979889273643494,-19.0
123,16,0.6803042888641357,-19.0
123,17,0.6691703796386719,-19.0
123,18,0.7078520059585571,-19.0
123,19,0.7350808382034302,-19.0
123,20,0.7678238749504089,-19.0
124,0,-0.2633456885814667,0.0
124,1,0.15164409577846527,0.0
124,2,-0.1576477289199829,0.0
125,0,-0.1930292844772339,0.0
126,0,-0.5251261591911316,0.0
126,1,-0.534076452255249,0.0
127,0,-0.11124171316623688,0.0
128,0,-4.728206634521484,0.0
128,1,-5.606608867645264,0.0
128,2,-5.999969482421875,0.0
129,0,-5.120448589324951,0.0
129,1,-6.139365196228027,0.0
129,2,-6.0835185050964355,0.0
129,3,-6.083915710449219,0.0
130,0,-1.7204481363296509,0.0
131,0,-2.0414044857025146,0.0
131,1,-2.180079460144043,0.0
131,2,-1.898910403251648,0.0
131,3,-1.9752612113952637,0.0
132,0,-3.0496408939361572,0.0
132,1,-2.8966009616851807,0.0
132,2,-2.384390354156494,0.0
132,3,-2.238903284072876,0.0
133,0,-2.346548557281494,0.0
133,1,-2.09850811958313,0.0
134,0,-0.7758871912956238,0.0
134,1,-0.6744338274002075,0.0
134,2,-0.4290759861469269,0.0
134,3,-0.2397691309452057,0.0
134,4,-0.17499008774757385,0.0
135,0,-1.8862299919128418,0.0
135,1,-1.7813323736190796,0.0
135,2,-1.682539939880371,0.0
135,3,-1.6602270603179932,0.0
135,4,-1.4637547731399536,0.0
135,5,-1.2516545057296753,0.0
135,6,-1.6614117622375488,0.0
135,7,-1.4573134183883667,0.0
135,8,-2.4018282890319824,0.0
135,9,-2.78948974609375,0.0
135,10,-2.979632616043091,0.0
135,11,-3.0710575580596924,0.0
135,12,-3.1178767681121826,0.0
135,13,-3.12707257270813,0.0
136,0,-6.593278408050537,-18.0
136,1,-6.608273983001709,-18.0
136,2,-6.524641513824463,-18.0
136,3,-6.259932994842529,-18.0
136,4,-6.250504016876221,-18.0
136,5,-6.173678874969482,-18.0
136,6,-6.202672481536865,-18.0
136,7,-6.181219577789307,-18.0
136,8,-6.270355701446533,-18.0
136,9,-6.19827127456665,-18.0
136,10,-6.239451885223389,-18.0
136,11,-6.286770820617676,-18.0
136,12,-6.236271381378174,-18.0
136,13,-6.20750093460083,-18.0
136,14,-6.183115482330322,-18.0
136,15,-6.130241870880127,-18.0
136,16,-6.120867729187012,-18.0
136,17,-6.087069988250732,-18.0
136,18,-6.124643802642822,-18.0
136,19,-6.100254058837891,-18.0
136,20,-6.055840969085693,-18.0
136,21,-6.221214294433594,-18.0
136,22,-6.194016933441162,-18.0
136,23,-6.176990032196045,-18.0
137,0,-3.8831112384796143,0.0
138,0,0.7190132737159729,0.0
138,1,0.47492554783821106,0.0
138,2,0.6718552708625793,0.0
138,3,0.6952615976333618,0.0
138,4,0.7140355110168457,0.0
138,5,0.7789164185523987,0.0
138,6,0.8232459425926208,0.0
138,7,0.7686668038368225,0.0
139,0,-3.3512825965881348,0.0
140,0,-6.572706699371338,0.0
141,0,-0.4157985746860504,0.0
141,1,-0.3855777978897095,0.0
141,2,-0.07110811024904251,0.0
141,3,0.05583425611257553,0.0
141,4,0.3561381995677948,0.0
141,5,0.46124428510665894,0.0
142,0,-0.6284149289131165,0.0
142,1,-0.31038233637809753,0.0
142,2,-0.38786184787750244,0.0
142,3,-0.5447680354118347,0.0
142,4,-0.5890482664108276,0.0
142,5,-0.141579732298851,0.0
142,6,-0.009882833808660507,0.0
143,0,-0.2664962112903595,-1.0
143,1,-4.838080406188965,-1.0
143,2,-6.016561508178711,-1.0
144,0,-2.334329128265381,0.0
144,1,-3.604390859603882,0.0
144,2,-1.5483020544052124,0.0
145,0,-6.612823963165283,-7.0
145,1,-6.64651346206665,-7.0
145,2,-6.923081874847412,-7.0
145,3,-6.945713520050049,-7.0
145,4,-7.01704740524292,-7.0
145,5,-6.920128345489502,-7.0
145,6,-6.728760719299316,-7.0
145,7,-6.886043548583984,-7.0
145,8,-6.807431697845459,-7.0
145,9,-6.705997943878174,-7.0
145,10,-6.610026836395264,-7.0
145,11,-6.660681247711182,-7.0
145,12,-6.692468643188477,-7.0
145,13,-6.93123197555542,-7.0
145,14,-7.049684047698975,-7.0
145,15,-7.118967056274414,-7.0
146,0,-0.8169548511505127,0.0
146,1,-0.4386729300022125,0.0
146,2,0.15449458360671997,0.0
147,0,-3.993159532546997,0.0
147,1,-4.064187049865723,0.0
147,2,-4.594000816345215,0.0
148,0,0.04832432419061661,0.0
148,1,0.14796888828277588,0.0
148,2,0.46371182799339294,0.0
148,3,0.3230869770050049,0.0
148,4,0.7440463900566101,0.0
149,0,-0.6538644433021545,0.0
150,0,-2.8470306396484375,0.0
150,1,-2.7212231159210205,0.0
150,2,-2.031808853149414,0.0
151,0,0.48183250427246094,0.0
151,1,-4.680410385131836,0.0
151,2,-3.651674509048462,0.0
152,0,0.3078613579273224,0.0
152,1,2.429080009460449,0.0
153,0,-5.634071350097656,0.0
153,1,-7.512975692749023,0.0
153,2,-7.042473793029785,0.0
153,3,-5.716286659240723,0.0
154,0,1.4475328922271729,0.0
155,0,-0.7410947680473328,-1.0
155,1,-0.4839371144771576,-1.0
155,2,-1.2885652780532837,-1.0
155,3,-0.9536795020103455,-1.0
155,4,-0.24005286395549774,-1.0
155,5,0.204720139503479,-1.0
155,6,0.193801611661911,-1.0
155,7,0.20645873248577118,-1.0
156,0,-0.5863481163978577,-1.0
156,1,-0.4847656488418579,-1.0
156,2,-0.1746390163898468,-1.0
157,0,0.009152421727776527,0.0
157,1,-0.2788833975791931,0.0
157,2,-0.048570357263088226,0.0
157,3,-0.14833413064479828,0.0
157,4,-0.3062792122364044,0.0
158,0,-7.9961724281311035,-25.0
158,1,-7.983913898468018,-25.0
158,2,-7.973216533660889,-25.0
158,3,-8.008010864257812,-25.0
158,4,-7.987982273101807,-25.0
158,5,-7.989645481109619,-25.0
158,6,-7.993532657623291,-25.0
158,7,-7.998214244842529,-25.0
158,8,-7.997670650482178,-25.0
158,9,-8.056557655334473,-25.0
158,10,-8.05675983428955,-25.0
158,11,-8.09073543548584,-25.0
158,12,-8.09011173248291,-25.0
158,13,-8.089006423950195,-25.0
158,14,-8.071296691894531,-25.0
158,15,-8.073923110961914,-25.0
158,16,-8.070064544677734,-25.0
158,17,-8.069849967956543,-25.0
158,18,-8.072437286376953,-25.0
158,19,-8.094905853271484,-25.0
158,20,-8.104907989501953,-25.0
158,21,-8.109465599060059,-25.0
158,22,-8.125659942626953,-25.0
158,23,-8.122453689575195,-25.0
158,24,-8.115966796875,-25.0
158,25,-8.110090255737305,-25.0
158,26,-8.102388381958008,-25.0
158,27,-8.095987319946289,-25.0
158,28,-8.111523628234863,-25.0
158,29,-8.109070777893066,-25.0
158,30,-8.106664657592773,-25.0
158,31,-8.10921573638916,-25.0
158,32,-8.105476379394531,-25.0
158,33,-8.09866714477539,-25.0
158,34,-8.066588401794434,-25.0
158,35,-8.05972957611084,-25.0
158,36,-7.981374263763428,-25.0
158,37,-7.993828296661377,-25.0
158,38,-7.972102165222168,-25.0
159,0,-0.03920939564704895,0.0
159,1,0.5204692482948303,0.0
159,2,0.7765154838562012,0.0
160,0,-1.4387290477752686,-1.0
160,1,-0.812744677066803,-1.0
160,2,0.027009740471839905,-1.0
160,3,0.06841160356998444,-1.0
160,4,0.43350452184677124,-1.0
160,5,0.05057479441165924,-1.0
160,6,0.3537614941596985,-1.0
161,0,0.3256065845489502,0.0
162,0,5.793911457061768,0.0
163,0,-1.4392560720443726,0.0
164,0,0.6275089383125305,-1.0
164,1,0.6255570650100708,-1.0
164,2,0.803006649017334,-1.0
164,3,1.0732171535491943,-1.0
165,0,-1.2535107135772705,0.0
165,1,-0.8256699442863464,0.0
165,2,-0.694074273109436,0.0
165,3,-0.43308061361312866,0.0
165,4,-0.22317121922969818,0.0
165,5,-0.10363321006298065,0.0
165,6,-0.20456673204898834,0.0
166,0,1.0098007917404175,0.0
167,0,-1.651737928390503,0.0
167,1,-1.4590626955032349,0.0
167,2,-1.1253514289855957,0.0
167,3,-0.9900248646736145,0.0
168,0,0.5885655879974365,0.0
169,0,-0.5027741193771362,0.0
170,0,0.13161757588386536,0.0
171,0,-2.46238374710083,-1.0
171,1,-2.224987506866455,-1.0
171,2,-1.1597986221313477,-1.0
171,3,-0.5483481884002686,-1.0
171,4,-0.2605544328689575,-1.0
172,0,-1.1650351285934448,0.0
172,1,-3.662095546722412,0.0
173,0,-8.248285293579102,0.0
173,1,-7.312020301818848,0.0
173,2,-8.889242172241211,0.0
173,3,-9.15772819519043,0.0
174,0,-3.286069631576538,-25.0
174,1,-7.4024457931518555,-25.0
174,2,-8.231849670410156,-25.0
174,3,-8.17572021484375,-25.0
174,4,-8.231035232543945,-25.0
174,5,-8.55396842956543,-25.0
174,6,-8.277471542358398,-25.0
174,7,-8.211221694946289,-25.0
174,8,-8.229175567626953,-25.0
174,9,-8.232760429382324,-25.0
174,10,-8.240384101867676,-25.0
174,11,-8.249258041381836,-25.0
174,12,-8.224806785583496,-25.0
174,13,-8.19993782043457,-25.0
174,14,-8.23919677734375,-25.0
174,15,-8.327306747436523,-25.0
174,16,-8.375823974609375,-25.0
174,17,-8.48867130279541,-25.0
174,18,-8.57712173461914,-25.0
174,19,-8.642766952514648,-25.0
174,20,-8.64207935333252,-25.0
174,21,-8.63260269165039,-25.0
174,22,-8.67982292175293,-25.0
174,23,-8.683863639831543,-25.0
174,24,-8.574773788452148,-25.0
174,25,-8.515158653259277,-25.0
174,26,-8.47433853149414,-25.0
174,27,-8.478052139282227,-25.0
174,28,-8.467466354370117,-25.0
174,29,-8.49213981628418,-25.0
174,30,-8.45865535736084,-25.0
174,31,-8.574694633483887,-25.0
174,32,-8.54088306427002,-25.0
174,33,-8.533889770507812,-25.0
175,0,-0.6659417152404785,0.0
176,0,-1.8552225828170776,0.0
176,1,-6.002927780151367,0.0
177,0,5.096461772918701,20.0
177,1,2.3837921619415283,20.0
177,2,0.11171122640371323,20.0
177,3,1.3143337965011597,20.0
177,4,1.572015643119812,20.0
177,5,0.2632056176662445,20.0
177,6,1.0200644731521606,20.0
177,7,1.2318822145462036,20.0
177,8,1.637163758277893,20.0
177,9,1.951042652130127,20.0
177,10,1.721294641494751,20.0
177,11,1.9714441299438477,20.0
177,12,2.209951400756836,20.0
177,13,2.022963762283325,20.0
177,14,1.7576320171356201,20.0
177,15,1.5813294649124146,20.0
177,16,1.7521027326583862,20.0
177,17,1.612045168876648,20.0
177,18,1.1812565326690674,20.0
177,19,1.3437901735305786,20.0
177,20,1.2183878421783447,20.0
177,21,0.5990318655967712,20.0
177,22,-1.1529676914215088,20.0
177,23,-1.237231969833374,20.0
177,24,-3.1038906574249268,20.0
177,25,-3.2967536449432373,20.0
177,26,-4.507012844085693,20.0
177,27,-5.267450332641602,20.0
177,28,-5.934818267822266,20.0
177,29,-6.344727993011475,20.0
177,30,-6.287316799163818,20.0
177,31,-6.829987049102783,20.0
177,32,-6.698614597320557,20.0
177,33,-6.893879413604736,20.0
177,34,-6.772510051727295,20.0
177,35,-6.673485279083252,20.0
177,36,-6.734130382537842,20.0
177,37,-7.106268882751465,20.0
177,38,-7.04047155380249,20.0
177,39,-7.233589172363281,20.0
178,0,2.167724370956421,0.0
179,0,-1.3238954544067383,0.0
179,1,0.17052535712718964,0.0
179,2,0.399711549282074,0.0
180,0,-0.48402178287506104,0.0
180,1,-3.399137258529663,0.0
180,2,-3.352325916290283,0.0
180,3,-1.9479931592941284,0.0
180,4,-5.308812141418457,0.0
180,5,-4.045431137084961,0.0
180,6,-4.068853855133057,0.0
181,0,-1.9916120767593384,0.0
181,1,-0.6814731955528259,0.0
182,0,0.8517345786094666,0.0
183,0,0.39542797207832336,-6.0
183,1,0.4917178452014923,-6.0
183,2,0.4738728404045105,-6.0
183,3,0.5928406119346619,-6.0
183,4,0.5994629263877869,-6.0
183,5,0.4609996974468231,-6.0
183,6,0.6022949814796448,-6.0
183,7,0.6220294237136841,-6.0
183,8,0.6507718563079834,-6.0
184,0,-0.5397720336914062,-1.0
184,1,-0.23639702796936035,-1.0
184,2,0.04237322136759758,-1.0
185,0,-0.8446433544158936,0.0
185,1,-0.5933801531791687,0.0
185,2,-0.3657010495662689,0.0
185,3,0.3110187351703644,0.0
186,0,0.6311588883399963,0.0
187,0,-2.336745023727417,-1.0
187,1,-4.048529148101807,-1.0
187,2,-3.695328950881958,-1.0
187,3,-2.862075090408325,-1.0
187,4,-2.536442279815674,-1.0
188,0,-1.7546782493591309,0.0
188,1,-0.9083277583122253,0.0
189,0,-3.985747814178467,-1.0
189,1,-3.5327367782592773,-1.0
189,2,-3.3521857261657715,-1.0
189,3,-3.23030948638916,-1.0
189,4,-3.1172683238983154,-1.0
189,5,-2.5670182704925537,-1.0
189,6,-2.433734178543091,-1.0
189,7,-2.3898205757141113,-1.0
189,8,-2.2814807891845703,-1.0
189,9,-2.2404751777648926,-1.0
190,0,-1.8700193166732788,0.0
190,1,-1.196340560913086,0.0
190,2,-0.7313714027404785,0.0
190,3,-0.49811887741088867,0.0
191,0,-6.3021345138549805,-5.0
191,1,-8.707194328308105,-5.0
191,2,-9.115324974060059,-5.0
191,3,-9.0809326171875,-5.0
191,4,-8.314119338989258,-5.0
191,5,-8.354150772094727,-5.0
191,6,-8.06639289855957,-5.0
191,7,-7.775757789611816,-5.0
191,8,-7.6462860107421875,-5.0
191,9,-6.827943801879883,-5.0
191,10,-6.368577480316162,-5.0
191,11,-5.814086437225342,-5.0
191,12,-5.279991149902344,-5.0
192,0,-0.9497220516204834,0.0
192,1,-0.40844249725341797,0.0
192,2,-0.8108545541763306,0.0
192,3,-0.8894349336624146,0.0
193,0,-1.4328874349594116,0.0
193,1,-1.2107394933700562,0.0
193,2,-0.9197499752044678,0.0
193,3,-0.41128164529800415,0.0
194,0,0.9162583351135254,0.0
195,0,-10.270903587341309,-24.0
195,1,-10.813970565795898,-24.0
195,2,-10.51128101348877,-24.0
195,3,-10.274492263793945,-24.0
195,4,-10.297892570495605,-24.0
195,5,-10.317071914672852,-24.0
195,6,-10.27934455871582,-24.0
195,7,-10.165225982666016,-24.0
195,8,-10.04626178741455,-24.0
195,9,-9.65754508972168,-24.0
195,10,-9.252635955810547,-24.0
195,11,-9.261795043945312,-24.0
195,12,-8.91105842590332,-24.0
195,13,-8.61131477355957,-24.0
195,14,-8.390021324157715,-24.0
195,15,-8.203779220581055,-24.0
195,16,-8.028038024902344,-24.0
195,17,-7.787834644317627,-24.0
195,18,-7.666613578796387,-24.0
195,19,-7.59806489944458,-24.0
195,20,-7.431057929992676,-24.0
195,21,-7.18984317779541,-24.0
195,22,-6.662519454956055,-24.0
195,23,-5.905808925628662,-24.0
195,24,-5.829833030700684,-24.0
195,25,-5.463321208953857,-24.0
195,26,-5.102479934692383,-24.0
195,27,-5.034670352935791,-24.0
195,28,-4.910255432128906,-24.0
195,29,-4.745316505432129,-24.0
195,30,-4.678323745727539,-24.0
195,31,-4.619248390197754,-24.0
196,0,-0.7890171408653259,0.0
197,0,-0.7439212799072266,0.0
197,1,-0.7461541891098022,0.0
197,2,-0.6169570684432983,0.0
197,3,-0.6398525238037109,0.0
197,4,-0.6476251482963562,0.0
197,5,-0.5162159204483032,0.0
197,6,-0.24830642342567444,0.0
197,7,-0.39485666155815125,0.0
197,8,-0.3586176931858063,0.0
197,9,-0.3417077958583832,0.0
197,10,-0.2860731780529022,0.0
197,11,-0.26049134135246277,0.0
197,12,-0.18735966086387634,0.0
197,13,-0.1520165503025055,0.0
197,14,-0.20431777834892273,0.0
197,15,-0.24231234192848206,0.0
197,16,-0.2056351602077484,0.0
197,17,-0.24046370387077332,0.0
197,18,-0.2522505223751068,0.0
198,0,0.5047716498374939,0.0
198,1,0.3804037868976593,0.0
198,2,1.7660740613937378,0.0
199,0,-3.1109611988067627,0.0
199,1,-3.816938877105713,0.0
200,0,-1.18393075466156,0.0
200,1,-0.48184266686439514,0.0
200,2,-0.001532008871436119,0.0
201,0,0.16196759045124054,0.0
202,0,0.3341773450374603,0.0
203,0,-1.0577847957611084,0.0
203,1,0.10362640768289566,0.0
203,2,-0.05925291031599045,0.0
203,3,-0.18526354432106018,0.0
203,4,-0.2770031690597534,0.0
204,0,-0.3957699239253998,0.0
204,1,0.04694704711437225,0.0
204,2,0.5711351633071899,0.0
204,3,0.3592183291912079,0.0
204,4,0.4935106635093689,0.0
205,0,-10.366205215454102,-4.0
205,1,-11.27003288269043,-4.0
205,2,-10.412885665893555,-4.0
205,3,-10.289244651794434,-4.0
205,4,-10.049720764160156,-4.0
205,5,-9.926519393920898,-4.0
205,6,-10.751031875610352,-4.0
205,7,-10.459218978881836,-4.0
205,8,-10.971580505371094,-4.0
205,9,-10.779653549194336,-4.0
205,10,-11.324894905090332,-4.0
205,11,-11.5302734375,-4.0
205,12,-11.547760009765625,-4.0
205,13,-11.386655807495117,-4.0
205,14,-11.431318283081055,-4.0
205,15,-11.400840759277344,-4.0
205,16,-11.19323444366455,-4.0
205,17,-11.13094425201416,-4.0
205,18,-11.060604095458984,-4.0
205,19,-11.019722938537598,-4.0
205,20,-10.719886779785156,-4.0
205,21,-10.413789749145508,-4.0
205,22,-10.039928436279297,-4.0
206,0,0.41424688696861267,0.0
207,0,-1.187906265258789,0.0
207,1,-1.2399587631225586,0.0
208,0,-10.419621467590332,0.0
208,1,5.543675899505615,0.0
208,2,5.895468711853027,0.0
208,3,3.546781539916992,0.0
208,4,2.540248394012451,0.0
208,5,3.543041467666626,0.0
208,6,4.251681804656982,0.0
208,7,4.747766971588135,0.0
208,8,6.58621883392334,0.0
208,9,6.775201320648193,0.0
208,10,6.810491561889648,0.0
208,11,6.774378776550293,0.0
208,12,6.702511310577393,0.0
208,13,6.673092842102051,0.0
208,14,6.2931623458862305,0.0
208,15,1.459520936012268,0.0
209,0,-2.0012009143829346,-6.0
209,1,-1.908740758895874,-6.0
209,2,-0.34918898344039917,-6.0
209,3,0.08308611810207367,-6.0
209,4,-3.364668369293213,-6.0
209,5,-2.432626962661743,-6.0
209,6,-1.7443772554397583,-6.0
209,7,-1.4917114973068237,-6.0
209,8,-1.6331243515014648,-6.0
209,9,-1.6573718786239624,-6.0
209,10,-1.024635672569275,-6.0
209,11,-1.0232841968536377,-6.0
209,12,-1.1977230310440063,-6.0
209,13,-1.1214971542358398,-6.0
209,14,-1.6397840976715088,-6.0
209,15,-0.8342376351356506,-6.0
209,16,-0.7240701913833618,-6.0
209,17,-0.10954488813877106,-6.0
209,18,0.197998508810997,-6.0
209,19,-0.0763978511095047,-6.0
209,20,-0.7663992643356323,-6.0
209,21,-1.121734857559204,-6.0
209,22,-1.8590677976608276,-6.0
210,0,-2.0916266441345215,-18.0
210,1,-11.432188987731934,-18.0
210,2,-11.032573699951172,-18.0
210,3,-10.715666770935059,-18.0
210,4,-10.525703430175781,-18.0
210,5,-10.29822826385498,-18.0
210,6,-10.631333351135254,-18.0
210,7,-10.611741065979004,-18.0
210,8,-10.188902854919434,-18.0
210,9,-10.279332160949707,-18.0
210,10,-10.199993133544922,-18.0
210,11,-10.098162651062012,-18.0
210,12,-10.207443237304688,-18.0
210,13,-10.181029319763184,-18.0
210,14,-10.2714204788208,-18.0
210,15,-10.074265480041504,-18.0
210,16,-9.930837631225586,-18.0
210,17,-9.935712814331055,-18.0
210,18,-10.011109352111816,-18.0
210,19,-10.107941627502441,-18.0
210,20,-9.910951614379883,-18.0
210,21,-10.312857627868652,-18.0
210,22,-10.319446563720703,-18.0
210,23,-10.220526695251465,-18.0
210,24,-10.212258338928223,-18.0
211,0,-0.22110766172409058,0.0
212,0,-10.978551864624023,0.0
212,1,-12.330718040466309,0.0
212,2,-12.237427711486816,0.0
212,3,-11.988938331604004,0.0
213,0,-0.2996957302093506,0.0
213,1,0.6160640716552734,0.0
214,0,-0.9088731408119202,-2.0
214,1,-1.691769003868103,-2.0
214,2,-1.3817843198776245,-2.0
214,3,-0.6832801699638367,-2.0
214,4,-1.0474709272384644,-2.0
214,5,-0.6260579228401184,-2.0
214,6,-0.5419499278068542,-2.0
215,0,-0.3287256062030792,-1.0
215,1,-0.11547794193029404,-1.0
215,2,0.24074406921863556,-1.0
216,0,-3.690871477127075,0.0
216,1,-9.626880645751953,0.0
216,2,-5.876902103424072,0.0
216,3,-4.386335372924805,0.0
216,4,-2.8779337406158447,0.0
217,0,-0.4148714542388916,0.0
217,1,-0.13682708144187927,0.0
218,0,-1.2597492933273315,0.0
218,1,-0.6904794573783875,0.0
219,0,-1.3229920864105225,0.0
219,1,-0.9547895193099976,0.0
219,2,-0.7492263317108154,0.0
219,3,-0.6834454536437988,0.0
220,0,0.7766329050064087,0.0
220,1,0.9032852053642273,0.0
220,2,0.996078610420227,0.0
220,3,1.2639906406402588,0.0
220,4,1.4611626863479614,0.0
221,0,-8.818452835083008,0.0
221,1,-12.44375991821289,0.0
221,2,-12.241189002990723,0.0
221,3,-11.792445182800293,0.0
221,4,-11.899277687072754,0.0
222,0,-0.6886046528816223,0.0
222,1,-0.3026564419269562,0.0
223,0,-12.004341125488281,0.0
223,1,-10.173420906066895,0.0
223,2,-5.123348712921143,0.0
223,3,-4.113465785980225,0.0
224,0,-1.0748753547668457,-1.0
224,1,-0.5498772859573364,-1.0
224,2,-0.10043428093194962,-1.0
224,3,0.09784724563360214,-1.0
224,4,0.05275760591030121,-1.0
224,5,0.0756840929389,-1.0
225,0,-2.49259090423584,0.0
225,1,-4.104397296905518,0.0
225,2,-3.6445798873901367,0.0
225,3,-3.017115831375122,0.0
225,4,-2.713233232498169,0.0
225,5,-2.2317886352539062,0.0
225,6,-1.7812297344207764,0.0
226,0,-0.702894389629364,0.0
227,0,-9.762177467346191,-11.0
227,1,-13.003850936889648,-11.0
227,2,-12.812005043029785,-11.0
227,3,-12.98274040222168,-11.0
227,4,-13.000764846801758,-11.0
227,5,-13.18748950958252,-11.0
227,6,-13.16387939453125,-11.0
227,7,-12.955348014831543,-11.0
227,8,-13.030289649963379,-11.0
227,9,-13.017226219177246,-11.0
227,10,-12.899737358093262,-11.0
227,11,-12.82548999786377,-11.0
227,12,-12.777054786682129,-11.0
227,13,-12.771971702575684,-11.0
227,14,-12.669196128845215,-11.0
227,15,-12.652868270874023,-11.0
227,16,-12.6088285446167,-11.0
227,17,-12.615108489990234,-11.0
227,18,-12.568693161010742,-11.0
227,19,-12.55905818939209,-11.0
227,20,-12.568225860595703,-11.0
227,21,-12.576189994812012,-11.0
227,22,-12.539937019348145,-11.0
227,23,-12.513199806213379,-11.0
227,24,-12.462618827819824,-11.0
227,25,-12.520883560180664,-11.0
227,26,-12.637213706970215,-11.0
227,27,-12.724372863769531,-11.0
227,28,-12.774606704711914,-11.0
227,29,-12.756918907165527,-11.0
228,0,-1.9931563138961792,0.0
228,1,-0.7230769991874695,0.0
228,2,-0.25390416383743286,0.0
228,3,0.08674125373363495,0.0
228,4,0.42968031764030457,0.0
229,0,-1.3163611888885498,0.0
229,1,0.16981862485408783,0.0
229,2,0.13702347874641418,0.0
230,0,-0.5959113836288452,-2.0
230,1,-0.5632675290107727,-2.0
230,2,-0.23564893007278442,-2.0
230,3,-0.2114529013633728,-2.0
230,4,-0.6299383640289307,-2.0
230,5,0.03572457656264305,-2.0
230,6,0.3261930048465729,-2.0
231,0,0.5258165001869202,0.0
232,0,0.8764606714248657,0.0
232,1,1.2926193475723267,0.0
233,0,0.8017042875289917,0.0
234,0,0.5356517434120178,0.0
234,1,0.6074445247650146,0.0
234,2,0.8039292693138123,0.0
234,3,0.37704092264175415,0.0
234,4,0.20079725980758667,0.0
234,5,0.21039384603500366,0.0
234,6,0.2007179856300354,0.0
234,7,-0.14659202098846436,0.0
234,8,-0.36918115615844727,0.0
235,0,-0.012538805603981018,-5.0
235,1,2.365783452987671,-5.0
235,2,1.7639122009277344,-5.0
235,3,2.117760419845581,-5.0
235,4,1.5295872688293457,-5.0
235,5,1.3538932800292969,-5.0
235,6,0.820111095905304,-5.0
236,0,-1.0763100385665894,0.0
236,1,-0.8799042105674744,0.0
236,2,-0.6889277696609497,0.0
237,0,-2.9456326961517334,0.0
238,0,-0.7740025520324707,-3.0
238,1,-0.7530642747879028,-3.0
238,2,-0.922048807144165,-3.0
238,3,-0.6392871141433716,-3.0
238,4,-0.6439977288246155,-3.0
238,5,-0.9644785523414612,-3.0
239,0,-0.22787316143512726,0.0
240,0,-0.37823569774627686,0.0
241,0,-7.143207550048828,0.0
241,1,-5.66269588470459,0.0
241,2,-2.66986083984375,0.0
241,3,-2.4887051582336426,0.0
241,4,-0.3823834955692291,0.0
242,0,-4.96359920501709,-1.0
242,1,-5.441195487976074,-1.0
242,2,-3.6102397441864014,-1.0
242,3,-2.0047192573547363,-1.0
242,4,-0.741705060005188,-1.0
242,5,-1.00074303150177,-1.0
242,6,-0.842244565486908,-1.0
242,7,-0.43584415316581726,-1.0
242,8,0.1355094611644745,-1.0
242,9,0.6744846105575562,-1.0
243,0,-14.761466979980469,-1.0
243,1,-14.622599601745605,-1.0
243,2,-14.118496894836426,-1.0
243,3,-4.415578365325928,-1.0
244,0,-1.5298280715942383,0.0
244,1,-0.31554538011550903,0.0
245,0,-10.956022262573242,-10.0
245,1,-10.646333694458008,-10.0
245,2,-9.304327964782715,-10.0
245,3,-8.766911506652832,-10.0
245,4,-8.334990501403809,-10.0
245,5,-8.776080131530762,-10.0
245,6,-8.47445297241211,-10.0
245,7,-8.555863380432129,-10.0
245,8,-7.7931013107299805,-10.0
245,9,-6.524909973144531,-10.0
245,10,-6.121561527252197,-10.0
245,11,-6.113627910614014,-10.0
245,12,-5.996341228485107,-10.0
245,13,-6.639610290527344,-10.0
245,14,-6.280121326446533,-10.0
245,15,-6.114016532897949,-10.0
245,16,-7.052750110626221,-10.0
245,17,-6.129568576812744,-10.0
245,18,-6.666846752166748,-10.0
245,19,-6.450034141540527,-10.0
245,20,-6.17559814453125,-10.0
245,21,-5.887742519378662,-10.0
245,22,-5.250057697296143,-10.0
245,23,-4.879434585571289,-10.0
245,24,-4.4156670570373535,-10.0
245,25,-4.03480339050293,-10.0
245,26,-4.071095943450928,-10.0
245,27,-4.010685443878174,-10.0
246,0,-1.2384140491485596,0.0
246,1,0.32362374663352966,0.0
246,2,0.7084908485412598,0.0
247,0,-1.44206964969635,0.0
247,1,-1.4412388801574707,0.0
247,2,-0.5168305039405823,0.0
248,0,-2.5902328491210938,-16.0
248,1,1.6793510913848877,-16.0
248,2,2.0756773948669434,-16.0
248,3,2.2795562744140625,-16.0
248,4,2.3679909706115723,-16.0
248,5,2.816984176635742,-16.0
248,6,2.8127167224884033,-16.0
248,7,2.566311836242676,-16.0
248,8,2.586167097091675,-16.0
248,9,2.7611985206604004,-16.0
248,10,0.04639711603522301,-16.0
248,11,0.3209690451622009,-16.0
248,12,0.12880662083625793,-16.0
248,13,0.2755618393421173,-16.0
248,14,0.40564441680908203,-16.0
248,15,0.9477552175521851,-16.0
248,16,0.7370314002037048,-16.0
248,17,0.5594255924224854,-16.0
248,18,0.5983529090881348,-16.0
248,19,0.9154363870620728,-16.0
248,20,0.850309431552887,-16.0
248,21,0.890654444694519,-16.0
249,0,-0.6132384538650513,-1.0
249,1,-0.23570576310157776,-1.0
249,2,0.3441523313522339,-1.0
250,0,-1.1376011371612549,0.0
251,0,-0.9677351117134094,0.0
251,1,-1.0105619430541992,0.0
251,2,-0.7374571561813354,0.0
251,3,-0.41888806223869324,0.0
252,0,-1.1905004978179932,0.0
252,1,-1.4797450304031372,0.0
252,2,-0.87796550989151,0.0
252,3,-0.8066577911376953,0.0
252,4,-0.8548420667648315,0.0
252,5,-0.5723049640655518,0.0
252,6,-0.5530403852462769,0.0
252,7,-0.18950681388378143,0.0
252,8,-0.17353028059005737,0.0
252,9,-0.06577543169260025,0.0
252,10,-0.11583894491195679,0.0
252,11,-0.14723964035511017,0.0
252,12,-0.04250150918960571,0.0
252,13,-0.0618119090795517,0.0
252,14,-0.0790792927145958,0.0
252,15,-0.09014464914798737,0.0
253,0,-3.0767459869384766,0.0
253,1,-11.548934936523438,0.0
253,2,-10.021970748901367,0.0
253,3,-9.846318244934082,0.0
253,4,-8.411849021911621,0.0
253,5,-7.811079502105713,0.0
253,6,-7.05077600479126,0.0
254,0,-0.8505591154098511,-2.0
254,1,-0.81532222032547,-2.0
254,2,-0.5921585559844971,-2.0
254,3,-0.5261613726615906,-2.0
254,4,-0.647692859172821,-2.0
254,5,-0.6735737323760986,-2.0
255,0,-5.664923667907715,0.0
255,1,-3.2664153575897217,0.0
255,2,-2.2291154861450195,0.0
256,0,-2.834136724472046,-23.0
256,1,-7.545119285583496,-23.0
256,2,-8.705343246459961,-23.0
256,3,-9.037781715393066,-23.0
256,4,-8.823226928710938,-23.0
256,5,-9.681464195251465,-23.0
256,6,-9.217674255371094,-23.0
256,7,-10.136666297912598,-23.0
256,8,-9.491312980651855,-23.0
256,9,-8.837653160095215,-23.0
256,10,-8.363848686218262,-23.0
256,11,-7.375611305236816,-23.0
256,12,-5.786557197570801,-23.0
256,13,-4.959110260009766,-23.0
256,14,-4.8898515701293945,-23.0
256,15,-4.779533386230469,-23.0
256,16,-4.864306926727295,-23.0
256,17,-4.643768310546875,-23.0
256,18,-4.3261332511901855,-23.0
256,19,-4.590122222900391,-23.0
256,20,-4.591026306152344,-23.0
256,21,-4.531266212463379,-23.0
256,22,-4.430304050445557,-23.0
256,23,-3.7709109783172607,-23.0
256,24,-3.449172258377075,-23.0
256,25,-3.2792608737945557,-23.0
256,26,-3.218515634536743,-23.0
256,27,-3.1948626041412354,-23.0
256,28,-2.620173215866089,-23.0
256,29,-2.3417766094207764,-23.0
256,30,-2.224456787109375,-23.0
256,31,-2.0655243396759033,-23.0
256,32,-1.9859100580215454,-23.0
256,33,-1.9071273803710938,-23.0
256,34,-1.8581693172454834,-23.0
256,35,-1.8392444849014282,-23.0
256,36,-1.7113451957702637,-23.0
257,0,1.4340345859527588,0.0
258,0,-1.1399219036102295,-1.0
258,1,-0.5471024513244629,-1.0
258,2,-1.1855250597000122,-1.0
258,3,-1.7986092567443848,-1.0
259,0,-0.22771421074867249,0.0
259,1,-0.4117065668106079,0.0
259,2,-2.346083402633667,0.0
260,0,0.643836259841919,0.0
261,0,-0.6282545328140259,-30.0
261,1,-1.2095255851745605,-30.0
261,2,-1.1866586208343506,-30.0
261,3,-1.1760704517364502,-30.0
261,4,-1.1702606678009033,-30.0
261,5,-1.1926000118255615,-30.0
261,6,-2.5100808143615723,-30.0
261,7,-2.744279384613037,-30.0
261,8,-2.578615188598633,-30.0
261,9,-2.42573881149292,-30.0
261,10,-2.739668369293213,-30.0
261,11,-2.789362907409668,-30.0
261,12,-3.3449182510375977,-30.0
261,13,-3.342651605606079,-30.0
261,14,-3.132289409637451,-30.0
261,15,-2.878295660018921,-30.0
261,16,-3.0336170196533203,-30.0
261,17,-3.166760206222534,-30.0
261,18,-3.4698030948638916,-30.0
261,19,-3.2515809535980225,-30.0
261,20,-3.2796311378479004,-30.0
261,21,-3.394718885421753,-30.0
261,22,-2.909909725189209,-30.0
261,23,-3.0024895668029785,-30.0
261,24,-3.2062039375305176,-30.0
261,25,-3.270383358001709,-30.0
261,26,-3.2775063514709473,-30.0
261,27,-3.2769811153411865,-30.0
261,28,-3.3909287452697754,-30.0
261,29,-3.4791526794433594,-30.0
261,30,-3.2396271228790283,-30.0
261,31,-3.3234236240386963,-30.0
261,32,-2.9368934631347656,-30.0
261,33,-2.99544620513916,-30.0
261,34,-2.9798195362091064,-30.0
261,35,-2.8271970748901367,-30.0
261,36,-2.761228561401367,-30.0
261,37,-2.731771469116211,-30.0
261,38,-2.6385769844055176,-30.0
262,0,0.36790427565574646,-23.0
262,1,0.2631644308567047,-23.0
262,2,0.5832133889198303,-23.0
262,3,0.16311778128147125,-23.0
262,4,0.679181694984436,-23.0
262,5,0.5774345397949219,-23.0
262,6,0.8533191084861755,-23.0
262,7,0.441499263048172,-23.0
262,8,0.8900858759880066,-23.0
262,9,0.816990077495575,-23.0
262,10,0.8992487788200378,-23.0
262,11,0.7957631945610046,-23.0
262,12,0.752689778804779,-23.0
262,13,0.6076989769935608,-23.0
262,14,0.5174976587295532,-23.0
262,15,0.42647579312324524,-23.0
262,16,0.2897638976573944,-23.0
262,17,0.16149498522281647,-23.0
262,18,0.11722367256879807,-23.0
262,19,-0.005848266649991274,-23.0
262,20,-0.08603361994028091,-23.0
262,21,-0.15792781114578247,-23.0
262,22,-0.19427300989627838,-23.0
262,23,-0.23718516528606415,-23.0
262,24,-0.17541448771953583,-23.0
262,25,-0.12034841626882553,-23.0
263,0,-0.23499342799186707,0.0
263,1,0.06411314755678177,0.0
264,0,-1.267386555671692,20.0
264,1,-2.9329276084899902,20.0
264,2,-3.0516576766967773,20.0
264,3,-3.08673357963562,20.0
264,4,-3.023073196411133,20.0
264,5,-3.0603764057159424,20.0
264,6,-3.0290565490722656,20.0
264,7,-3.009974241256714,20.0
264,8,-3.0047945976257324,20.0
264,9,-3.205209732055664,20.0
264,10,-3.1613399982452393,20.0
264,11,-3.027374267578125,20.0
264,12,-2.985018014907837,20.0
264,13,-3.105220317840576,20.0
264,14,-3.07975435256958,20.0
264,15,-3.0621497631073,20.0
264,16,-3.1762101650238037,20.0
264,17,-3.165928602218628,20.0
264,18,-3.1632726192474365,20.0
264,19,-3.198906421661377,20.0
264,20,-3.2102150917053223,20.0
264,21,-3.317774772644043,20.0
264,22,-3.3694777488708496,20.0
264,23,-3.442152738571167,20.0
264,24,-3.4361801147460938,20.0
264,25,-3.460026741027832,20.0
264,26,-3.3239564895629883,20.0
264,27,-3.202460765838623,20.0
264,28,-3.1936917304992676,20.0
264,29,-3.1431705951690674,20.0
264,30,-3.1118526458740234,20.0
264,31,-3.0524792671203613,20.0
264,32,-3.040045738220215,20.0
264,33,-3.021867275238037,20.0
264,34,-3.059910774230957,20.0
264,35,-3.0524823665618896,20.0
264,36,-3.033391237258911,20.0
264,37,-3.0150222778320312,20.0
264,38,-3.001919984817505,20.0
264,39,-2.9805855751037598,20.0
265,0,-1.102159023284912,0.0
266,0,-2.3685576915740967,0.0
266,1,-1.0883125066757202,0.0
267,0,-2.8048043251037598,0.0
267,1,-4.2844061851501465,0.0
267,2,-1.7729575634002686,0.0
267,3,-1.6576751470565796,0.0
267,4,-1.578399896621704,0.0
268,0,-2.278830051422119,0.0
269,0,-0.37609171867370605,0.0
269,1,2.7015461921691895,0.0
270,0,-0.332294225692749,0.0
271,0,0.017239727079868317,-6.0
271,1,0.1272064745426178,-6.0
271,2,0.2686533033847809,-6.0
271,3,0.2914109528064728,-6.0
271,4,0.15133818984031677,-6.0
271,5,0.18028029799461365,-6.0
271,6,0.0990210548043251,-6.0
271,7,0.07634560018777847,-6.0
272,0,-0.9300090670585632,0.0
273,0,0.09521054476499557,0.0
274,0,-0.08393752574920654,0.0
274,1,-0.005013406742364168,0.0
274,2,-0.14641159772872925,0.0
274,3,-0.21901631355285645,0.0
274,4,-0.18412873148918152,0.0
274,5,-0.07472792267799377,0.0
274,6,-0.340823769569397,0.0
274,7,0.04528433084487915,0.0
274,8,0.028528273105621338,0.0
275,0,-5.037486553192139,-5.0
275,1,-6.710074424743652,-5.0
275,2,-6.747524738311768,-5.0
275,3,-6.724824905395508,-5.0
275,4,-5.961755752563477,-5.0
275,5,-5.878535270690918,-5.0
275,6,-6.994753837585449,-5.0
275,7,-6.848559856414795,-5.0
275,8,-6.472711563110352,-5.0
275,9,-5.912961006164551,-5.0
275,10,-5.8402605056762695,-5.0
275,11,-5.759212493896484,-5.0
275,12,-5.442404747009277,-5.0
276,0,-1.5096157789230347,0.0
276,1,-0.8243175148963928,0.0
276,2,0.020061777904629707,0.0
276,3,0.08538012206554413,0.0
277,0,-13.083020210266113,0.0
277,1,-16.612892150878906,0.0
277,2,-16.267126083374023,0.0
277,3,-15.818801879882812,0.0
278,0,-0.3694842457771301,0.0
279,0,-1.1274880170822144,0.0
279,1,-1.833541750907898,0.0
280,0,-0.5138611197471619,-12.0
280,1,-1.0684484243392944,-12.0
280,2,-1.5599608421325684,-12.0
280,3,-1.5312424898147583,-12.0
280,4,-1.5037585496902466,-12.0
280,5,-1.1454732418060303,-12.0
280,6,-1.3043490648269653,-12.0
280,7,-1.2909876108169556,-12.0
280,8,-1.3351165056228638,-12.0
280,9,-1.4637445211410522,-12.0
280,10,-1.4323469400405884,-12.0
280,11,-1.1558154821395874,-12.0
280,12,-0.9594719409942627,-12.0
280,13,-0.9424018859863281,-12.0
280,14,-0.9043983221054077,-12.0
280,15,-0.7173868417739868,-12.0
280,16,-0.6758415699005127,-12.0
281,0,0.7917876243591309,0.0
282,0,0.3854743242263794,0.0
282,1,0.09126871824264526,0.0
282,2,0.11566543579101562,0.0
283,0,-7.847763538360596,0.0
283,1,-15.115118980407715,0.0
283,2,-3.8315274715423584,0.0
284,0,1.2233527898788452,0.0
285,0,0.8079730272293091,0.0
285,1,0.5034407377243042,0.0
285,2,0.5934605598449707,0.0
286,0,-1.0825775861740112,0.0
286,1,0.11202234774827957,0.0
286,2,0.380475252866745,0.0
286,3,0.7063800692558289,0.0
286,4,1.0434918403625488,0.0
287,0,-0.23400042951107025,0.0
288,0,-0.7540363073348999,0.0
289,0,-16.5320987701416,-1.0
289,1,-17.24452781677246,-1.0
289,2,-17.412927627563477,-1.0
289,3,-17.37869644165039,-1.0
289,4,-17.35362434387207,-1.0
289,5,-17.408897399902344,-1.0
289,6,-17.448410034179688,-1.0
290,0,-8.063543319702148,0.0
290,1,-13.194967269897461,0.0
290,2,-9.855094909667969,0.0
291,0,-4.923418998718262,-1.0
291,1,-2.264960527420044,-1.0
291,2,-1.6024407148361206,-1.0
291,3,-1.1463994979858398,-1.0
291,4,-0.5231072306632996,-1.0
291,5,0.014091875404119492,-1.0
291,6,0.11811357736587524,-1.0
291,7,0.4647931456565857,-1.0
292,0,-6.721429347991943,-13.0
292,1,-9.699674606323242,-13.0
292,2,-10.680480003356934,-13.0
292,3,-9.548158645629883,-13.0
292,4,-8.742515563964844,-13.0
292,5,-9.08620834350586,-13.0
292,6,-9.40281867980957,-13.0
292,7,-9.852621078491211,-13.0
292,8,-8.675954818725586,-13.0
292,9,-8.341217994689941,-13.0
292,10,-8.097018241882324,-13.0
292,11,-7.057097911834717,-13.0
292,12,-5.60355806350708,-13.0
292,13,-5.41424036026001,-13.0
292,14,-5.208522319793701,-13.0
292,15,-4.814103603363037,-13.0
292,16,-4.535466194152832,-13.0
292,17,-4.328693389892578,-13.0
292,18,-3.627824544906616,-13.0
292,19,-3.037930965423584,-13.0
292,20,-2.488799571990967,-13.0
293,0,-1.5857747793197632,0.0
293,1,-2.7726328372955322,0.0
293,2,-1.1551908254623413,0.0
293,3,-1.098756194114685,0.0
293,4,-1.108946681022644,0.0
294,0,-1.7448327541351318,-2.0
294,1,-1.7320201396942139,-2.0
294,2,-0.9152569770812988,-2.0
294,3,-0.2135772556066513,-2.0
294,4,-0.12260234355926514,-2.0
295,0,-2.2906620502471924,0.0
295,1,-0.8703932762145996,0.0
295,2,-0.4872198700904846,0.0
296,0,-12.516758918762207,-4.0
296,1,-12.858808517456055,-4.0
296,2,-12.65891170501709,-4.0
296,3,-12.804463386535645,-4.0
296,4,-12.409109115600586,-4.0
296,5,-12.170768737792969,-4.0
296,6,-11.044214248657227,-4.0
296,7,-10.571195602416992,-4.0
296,8,-8.866678237915039,-4.0
296,9,-4.595916271209717,-4.0
297,0,-0.6493229269981384,-10.0
297,1,-0.7481072545051575,-10.0
297,2,-1.3899633884429932,-10.0
297,3,-1.4659174680709839,-10.0
297,4,-1.6819911003112793,-10.0
297,5,-1.7273889780044556,-10.0
297,6,-1.9948549270629883,-10.0
297,7,-2.168740749359131,-10.0
297,8,-1.4682719707489014,-10.0
297,9,-1.4082543849945068,-10.0
297,10,-1.6469430923461914,-10.0
297,11,-1.661887764930725,-10.0
298,0,-2.655184507369995,0.0
299,0,-1.6777857542037964,-1.0
299,1,-1.5331112146377563,-1.0
299,2,-0.7883797287940979,-1.0
299,3,-0.40769287943840027,-1.0
299,4,-0.5579217076301575,-1.0
299,5,-0.6867530941963196,-1.0
299,6,-0.7177910804748535,-1.0
299,7,-0.5269933938980103,-1.0
299,8,-0.47296497225761414,-1.0
300,0,-1.2244118452072144,0.0
301,0,-1.301694393157959,0.0
302,0,-0.9783493280410767,0.0
302,1,-0.7448408603668213,0.0
302,2,-0.15473376214504242,0.0
302,3,0.3221689760684967,0.0
302,4,0.36693570017814636,0.0
302,5,0.18971581757068634,0.0
302,6,-0.2740863859653473,0.0
303,0,-0.9133474826812744,0.0
303,1,-0.18934358656406403,0.0
304,0,-1.5257458686828613,-6.0
304,1,-1.4574707746505737,-6.0
304,2,-2.1196563243865967,-6.0
304,3,-3.4658870697021484,-6.0
304,4,-3.2836623191833496,-6.0
304,5,-1.3339999914169312,-6.0
304,6,-1.1122655868530273,-6.0
304,7,-1.173587679862976,-6.0
304,8,-1.4185701608657837,-6.0
305,0,-3.7711331844329834,-3.0
305,1,-14.757918357849121,-3.0
305,2,-14.347020149230957,-3.0
305,3,-14.633685111999512,-3.0
305,4,-15.098613739013672,-3.0
305,5,-15.254343032836914,-3.0
305,6,-18.406661987304688,-3.0
305,7,-18.142810821533203,-3.0
305,8,-17.965450286865234,-3.0
305,9,-17.93297576904297,-3.0
305,10,-17.67826271057129,-3.0
305,11,-17.24742889404297,-3.0
305,12,-16.71656608581543,-3.0
306,0,-1.3724939823150635,0.0
306,1,-1.3780001401901245,0.0
306,2,-1.7102961540222168,0.0
306,3,-1.629197359085083,0.0
306,4,-1.433142900466919,0.0
306,5,-1.2639124393463135,0.0
306,6,-1.1907366514205933,0.0
306,7,-1.1149662733078003,0.0
306,8,-1.2117176055908203,0.0
306,9,-1.0877588987350464,0.0
306,10,-1.1689950227737427,0.0
306,11,-0.9624976515769958,0.0
306,12,-1.0589174032211304,0.0
307,0,0.11251821368932724,0.0
307,1,0.05527304857969284,0.0
307,2,0.05671834200620651,0.0
307,3,-0.009815936908125877,0.0
307,4,-0.027889510616660118,0.0
307,5,0.06195417791604996,0.0
307,6,0.09942542761564255,0.0
307,7,0.1206507757306099,0.0
307,8,0.12356352061033249,0.0
307,9,0.13746920228004456,0.0
307,10,0.15001720190048218,0.0
307,11,0.18627597391605377,0.0
307,12,0.2059611976146698,0.0
308,0,-1.7993996143341064,0.0
308,1,-2.1869001388549805,0.0
308,2,-1.7650926113128662,0.0
308,3,-1.5555320978164673,0.0
308,4,-1.6656849384307861,0.0
308,5,-1.2926645278930664,0.0
308,6,-1.2904554605484009,0.0
308,7,-1.4534668922424316,0.0
308,8,-1.3913953304290771,0.0
308,9,-1.520607352256775,0.0
308,10,-1.6851876974105835,0.0
309,0,-1.1362385749816895,0.0
309,1,0.18087108433246613,0.0
309,2,-0.5567415952682495,0.0
310,0,-2.384650945663452,0.0
310,1,-1.1344512701034546,0.0
310,2,-0.46492189168930054,0.0
310,3,-0.22360754013061523,0.0
311,0,-0.28749603033065796,0.0
311,1,0.06140667945146561,0.0
311,2,0.2926747798919678,0.0
312,0,-11.666081428527832,-1.0
312,1,-13.289045333862305,-1.0
312,2,-6.931827545166016,-1.0
313,0,-3.760712146759033,-2.0
313,1,-3.7329952716827393,-2.0
313,2,-4.11732292175293,-2.0
313,3,-3.592259407043457,-2.0
313,4,-4.221310615539551,-2.0
313,5,-2.8568148612976074,-2.0
314,0,-16.318763732910156,0.0
314,1,-16.717958450317383,0.0
315,0,-3.6581125259399414,0.0
315,1,-0.04289964586496353,0.0
316,0,0.06550496816635132,-4.0
316,1,0.20607990026474,-4.0
316,2,0.21540139615535736,-4.0
316,3,0.21840007603168488,-4.0
316,4,-0.21531113982200623,-4.0
316,5,-0.18214979767799377,-4.0
316,6,-0.5212171077728271,-4.0
317,0,-0.5445543527603149,0.0
318,0,-2.0129289627075195,0.0
318,1,-1.2804683446884155,0.0
318,2,-1.0934749841690063,0.0
319,0,-1.731837272644043,0.0
320,0,-0.9483755826950073,-4.0
320,1,-1.0156563520431519,-4.0
320,2,-0.9980936646461487,-4.0
320,3,-1.0242400169372559,-4.0
320,4,-1.0895110368728638,-4.0
320,5,-0.8201910257339478,-4.0
320,6,-1.09523344039917,-4.0
321,0,-3.602473020553589,-4.0
321,1,-6.520027160644531,-4.0
321,2,-5.2414231300354,-4.0
321,3,-5.140549659729004,-4.0
321,4,-4.703639030456543,-4.0
321,5,-2.4799513816833496,-4.0
321,6,-1.9277857542037964,-4.0
321,7,-1.3224674463272095,-4.0
322,0,0.43607908487319946,0.0
323,0,-2.2113025188446045,0.0
323,1,-2.3350770473480225,0.0
323,2,-1.6567565202713013,0.0
324,0,13.609602928161621,0.0
324,1,13.716594696044922,0.0
324,2,13.741310119628906,0.0
324,3,13.658185005187988,0.0
325,0,-0.7313867211341858,0.0
326,0,-1.4718927145004272,0.0
327,0,-0.20358116924762726,0.0
327,1,-0.9023492336273193,0.0
328,0,-1.4943947792053223,0.0
328,1,-1.5374557971954346,0.0
328,2,-1.2493793964385986,0.0
328,3,-1.1003320217132568,0.0
328,4,-0.8687145709991455,0.0
328,5,-0.7750476598739624,0.0
328,6,-0.7326567769050598,0.0
328,7,-0.6658977270126343,0.0
328,8,-0.8363189697265625,0.0
328,9,-0.8190820217132568,0.0
328,10,-0.8008691668510437,0.0
328,11,-0.9260658621788025,0.0
328,12,-0.7545173168182373,0.0
328,13,-0.836357057094574,0.0
328,14,-0.9100926518440247,0.0
328,15,-0.8111923336982727,0.0
328,16,-0.6893998384475708,0.0
328,17,-0.7201675176620483,0.0
328,18,-0.7386524677276611,0.0
329,0,9.979159355163574,-1.0
329,1,13.736804962158203,-1.0
329,2,11.390412330627441,-1.0
330,0,-1.3579870462417603,0.0
330,1,-2.58048152923584,0.0
330,2,-2.392695903778076,0.0
331,0,1.0327332019805908,0.0
331,1,1.085131049156189,0.0
332,0,-2.1194183826446533,0.0
332,1,-3.0394957065582275,0.0
332,2,-2.2796332836151123,0.0
332,3,-2.0138721466064453,0.0
332,4,-0.8292432427406311,0.0
332,5,-0.31717589497566223,0.0
332,6,-0.36352789402008057,0.0
332,7,0.10599471628665924,0.0
333,0,-0.5910966992378235,0.0
333,1,-3.5820682048797607,0.0
333,2,-1.974028468132019,0.0
334,0,1.1505564451217651,0.0
334,1,1.4000673294067383,0.0
335,0,-0.8115047812461853,0.0
335,1,-0.6757679581642151,0.0
335,2,-0.19670309126377106,0.0
335,3,-0.017919937148690224,0.0
335,4,-0.019139187410473824,0.0
335,5,0.21850340068340302,0.0
335,6,0.38399046659469604,0.0
335,7,0.41170430183410645,0.0
335,8,0.4573679566383362,0.0
335,9,0.5003060698509216,0.0
335,10,0.5443669557571411,0.0
335,11,0.591732382774353,0.0
335,12,0.6277823448181152,0.0
336,0,-0.10309874266386032,0.0
336,1,0.24583400785923004,0.0
336,2,0.5631541013717651,0.0
336,3,0.563875675201416,0.0
336,4,0.6168132424354553,0.0
336,5,0.6908429861068726,0.0
336,6,0.7434378862380981,0.0
337,0,-17.509342193603516,0.0
337,1,-20.01347541809082,0.0
337,2,-14.117661476135254,0.0
338,0,-0.48777639865875244,-4.0
338,1,-0.3984290361404419,-4.0
338,2,-0.16410452127456665,-4.0
338,3,-0.7174637913703918,-4.0
338,4,-0.665249228477478,-4.0
338,5,-0.3983957767486572,-4.0
338,6,-0.5256337523460388,-4.0
339,0,-2.4927828311920166,-1.0
339,1,-2.7462143898010254,-1.0
339,2,-3.009967088699341,-1.0
339,3,-2.856297731399536,-1.0
339,4,-2.952871322631836,-1.0
339,5,-2.67612624168396,-1.0
339,6,-3.7226574420928955,-1.0
339,7,-5.106278419494629,-1.0
339,8,-4.923262119293213,-1.0
339,9,-4.372537612915039,-1.0
339,10,-4.053786754608154,-1.0
339,11,-4.148273468017578,-1.0
339,12,-3.649320363998413,-1.0
339,13,-3.496262311935425,-1.0
339,14,-4.660404205322266,-1.0
340,0,-0.40595757961273193,0.0
340,1,-0.9959738850593567,0.0
341,0,0.3959273397922516,0.0
341,1,-14.035347938537598,0.0
342,0,-1.0509204864501953,0.0
342,1,-0.7280075550079346,0.0
342,2,-0.729124903678894,0.0
343,0,-0.6125640869140625,0.0
344,0,-2.251152992248535,-13.0
344,1,-8.869378089904785,-13.0
344,2,-6.4831109046936035,-13.0
344,3,-6.867644786834717,-13.0
344,4,-5.802462100982666,-13.0
344,5,-5.746992588043213,-13.0
344,6,-7.911186695098877,-13.0
344,7,-13.707535743713379,-13.0
344,8,-12.81039047241211,-13.0
344,9,-12.460894584655762,-13.0
344,10,-12.373559951782227,-13.0
344,11,-12.256394386291504,-13.0
344,12,-11.976102828979492,-13.0
344,13,-11.735773086547852,-13.0
344,14,-11.731579780578613,-13.0
344,15,-11.122429847717285,-13.0
344,16,-11.95694637298584,-13.0
344,17,-11.139111518859863,-13.0
344,18,-10.538430213928223,-13.0
344,19,-10.573380470275879,-13.0
344,20,-8.89567756652832,-13.0
344,21,-6.1593499183654785,-13.0
344,22,-6.3621506690979,-13.0
344,23,-5.826531887054443,-13.0
345,0,-0.21267838776111603,0.0
346,0,-0.5152391195297241,0.0
346,1,0.023099323734641075,0.0
346,2,0.5533078908920288,0.0
346,3,-0.12197700887918472,0.0
346,4,0.2629057765007019,0.0
346,5,0.2515469193458557,0.0
347,0,-5.930469989776611,0.0
348,0,0.07502599060535431,-3.0
348,1,0.48038044571876526,-3.0
348,2,0.1826375275850296,-3.0
348,3,-0.320141464471817,-3.0
348,4,-0.3871671259403229,-3.0
348,5,-0.9378042817115784,-3.0
349,0,-2.8780009746551514,0.0
349,1,-1.166257381439209,0.0
349,2,-0.23029953241348267,0.0
350,0,0.43936553597450256,-20.0
350,1,-0.03911252319812775,-20.0
350,2,0.17961888015270233,-20.0
350,3,0.3476320803165436,-20.0
350,4,-0.1451541930437088,-20.0
350,5,-0.1609460860490799,-20.0
350,6,-0.06705363094806671,-20.0
350,7,-0.19063039124011993,-20.0
350,8,-0.18832524120807648,-20.0
350,9,-0.23993130028247833,-20.0
350,10,-0.44148823618888855,-20.0
350,11,-0.4451998174190521,-20.0
350,12,-0.3799685537815094,-20.0
350,13,-0.5121595859527588,-20.0
350,14,-0.575457751750946,-20.0
350,15,-0.6820434927940369,-20.0
350,16,-0.8003572225570679,-20.0
350,17,-0.8466857671737671,-20.0
350,18,-1.0688109397888184,-20.0
350,19,-0.9662327766418457,-20.0
350,20,-0.9770106077194214,-20.0
350,21,-1.238971471786499,-20.0
351,0,-10.151342391967773,-6.0
351,1,-20.734216690063477,-6.0
351,2,-20.329072952270508,-6.0
351,3,-16.782350540161133,-6.0
351,4,-10.774543762207031,-6.0
351,5,-2.755673885345459,-6.0
351,6,-3.853599786758423,-6.0
351,7,-3.3562514781951904,-6.0
351,8,-1.4797258377075195,-6.0
351,9,-1.030862808227539,-6.0
351,10,-0.8127672076225281,-6.0
351,11,-0.7304776906967163,-6.0
351,12,-0.6962621212005615,-6.0
352,0,-0.41842955350875854,0.0
352,1,-0.0031613840255886316,0.0
352,2,-0.12607385218143463,0.0
352,3,-0.1678195744752884,0.0
352,4,-0.038186244666576385,0.0
353,0,-1.0327039957046509,0.0
353,1,-0.7516173720359802,0.0
354,0,-0.02758212760090828,0.0
354,1,-0.030234921723604202,0.0
354,2,-0.01423676684498787,0.0
354,3,0.02390415593981743,0.0
354,4,0.030408766120672226,0.0
354,5,0.05223732814192772,0.0
354,6,0.06922022998332977,0.0
354,7,0.037514980882406235,0.0
354,8,0.018081005662679672,0.0
354,9,0.01101168617606163,0.0
354,10,0.0038952792529016733,0.0
354,11,0.03336488828063011,0.0
354,12,0.03225572034716606,0.0
354,13,0.02849658951163292,0.0
354,14,0.020702596753835678,0.0
355,0,0.008447413332760334,0.0
355,1,-0.9905230402946472,0.0
356,0,14.863869667053223,-2.0
356,1,15.090751647949219,-2.0
356,2,15.088217735290527,-2.0
356,3,15.068466186523438,-2.0
356,4,15.125346183776855,-2.0
356,5,15.1599702835083,-2.0
357,0,-3.7562458515167236,-7.0
357,1,-4.1145782470703125,-7.0
357,2,-3.615187644958496,-7.0
357,3,-7.522410869598389,-7.0
357,4,-7.507960319519043,-7.0
357,5,-6.82112979888916,-7.0
357,6,-7.179732322692871,-7.0
357,7,-5.89866828918457,-7.0
357,8,-5.703437805175781,-7.0
357,9,-5.205243110656738,-7.0
357,10,-4.910992622375488,-7.0
357,11,-3.6022491455078125,-7.0
357,12,-3.63026762008667,-7.0
357,13,-3.717615842819214,-7.0
357,14,-3.6375694274902344,-7.0
357,15,-3.0006303787231445,-7.0
357,16,-3.077902317047119,-7.0
357,17,-1.4679358005523682,-7.0
357,18,-4.544358253479004,-7.0
357,19,-4.052185535430908,-7.0
358,0,-4.178063869476318,0.0
358,1,-2.1722943782806396,0.0
358,2,-0.6123350858688354,0.0
359,0,-0.2078583836555481,0.0
360,0,-0.34111887216567993,0.0
361,0,0.6767542958259583,0.0
361,1,0.8109753727912903,0.0
361,2,0.9189124703407288,0.0
362,0,-3.0316879749298096,-2.0
362,1,-12.701071739196777,-2.0
362,2,-14.009743690490723,-2.0
362,3,-14.360876083374023,-2.0
362,4,-10.071151733398438,-2.0
362,5,-8.043964385986328,-2.0
362,6,-7.53476619720459,-2.0
362,7,-6.777341842651367,-2.0
362,8,-6.733066558837891,-2.0
362,9,-7.6720452308654785,-2.0
362,10,-8.34520149230957,-2.0
362,11,-8.74858283996582,-2.0
362,12,-9.357122421264648,-2.0
362,13,-9.892407417297363,-2.0
362,14,-9.424619674682617,-2.0
362,15,-4.2692060470581055,-2.0
362,16,-3.8371975421905518,-2.0
363,0,-4.475454807281494,0.0
363,1,-5.610190391540527,0.0
363,2,-3.182603120803833,0.0
363,3,-1.899599313735962,0.0
363,4,-1.2081063985824585,0.0
364,0,-6.7491960525512695,0.0
364,1,-4.346235752105713,0.0
364,2,-2.90917706489563,0.0
364,3,-1.4465140104293823,0.0
365,0,-3.1157445907592773,0.0
365,1,-2.3573243618011475,0.0
365,2,-2.0374503135681152,0.0
366,0,-2.444972515106201,-4.0
366,1,-2.245877265930176,-4.0
366,2,-1.9148495197296143,-4.0
366,3,-1.579188346862793,-4.0
366,4,-1.4802162647247314,-4.0
366,5,-1.3794057369232178,-4.0
367,0,1.5038743019104004,0.0
367,1,-1.4085867404937744,0.0
368,0,-2.5448055267333984,-1.0
368,1,-2.527852773666382,-1.0
368,2,-1.8016332387924194,-1.0
368,3,-1.537561297416687,-1.0
369,0,-3.645005941390991,0.0
369,1,-3.858856439590454,0.0
369,2,-3.2350590229034424,0.0
370,0,-3.882624626159668,-15.0
370,1,-4.8540849685668945,-15.0
370,2,-4.75588846206665,-15.0
370,3,-5.030496120452881,-15.0
370,4,-5.207853317260742,-15.0
370,5,-7.984029769897461,-15.0
370,6,-7.42466402053833,-15.0
370,7,-7.049165725708008,-15.0
370,8,-8.400521278381348,-15.0
370,9,-7.835718154907227,-15.0
370,10,-7.713468074798584,-15.0
370,11,-7.6225056648254395,-15.0
370,12,-5.455630779266357,-15.0
370,13,-5.142951011657715,-15.0
370,14,-4.9077582359313965,-15.0
370,15,-4.795851707458496,-15.0
370,16,-4.953196048736572,-15.0
370,17,-5.0541863441467285,-15.0
370,18,-5.166144847869873,-15.0
371,0,0.038052987307310104,0.0
371,1,-0.05032186582684517,0.0
371,2,0.13577900826931,0.0
371,3,0.4289281964302063,0.0
372,0,0.41551274061203003,0.0
373,0,-1.2864367961883545,0.0
373,1,-0.8928357362747192,0.0
373,2,-0.2001221626996994,0.0
373,3,0.020320314913988113,0.0
373,4,-0.15538622438907623,0.0
373,5,0.09646172821521759,0.0
373,6,0.26796311140060425,0.0
374,0,-1.0469329357147217,-1.0
374,1,-0.7286167144775391,-1.0
374,2,-0.2953943908214569,-1.0
374,3,-0.1997898519039154,-1.0
374,4,-0.08127833902835846,-1.0
374,5,-0.08112191408872604,-1.0
374,6,-0.04594363272190094,-1.0
375,0,-1.4099701642990112,-14.0
375,1,-3.287060260772705,-14.0
375,2,-4.648938179016113,-14.0
375,3,-3.946227550506592,-14.0
375,4,-3.7251996994018555,-14.0
375,5,-3.7445385456085205,-14.0
375,6,-3.7929017543792725,-14.0
375,7,-4.060428619384766,-14.0
375,8,-3.9874444007873535,-14.0
375,9,-3.8950374126434326,-14.0
375,10,-3.7065227031707764,-14.0
375,11,-2.9497032165527344,-14.0
375,12,-2.86214017868042,-14.0
375,13,-2.835946798324585,-14.0
375,14,-2.840363025665283,-14.0
375,15,-2.870687961578369,-14.0
375,16,-2.8558871746063232,-14.0
375,17,-2.9238171577453613,-14.0
375,18,-2.952817440032959,-14.0
375,19,-2.9034318923950195,-14.0
376,0,-1.1068577766418457,0.0
377,0,-0.6350682377815247,0.0
378,0,-0.7512849569320679,-3.0
378,1,-1.1805436611175537,-3.0
378,2,-0.7113499045372009,-3.0
378,3,-0.7499600052833557,-3.0
378,4,-0.6347935795783997,-3.0
378,5,-0.5532434582710266,-3.0
378,6,-0.51589035987854,-3.0
378,7,-0.49428531527519226,-3.0
378,8,-0.4325352609157562,-3.0
379,0,-11.615721702575684,0.0
380,0,-0.1575230211019516,-1.0
380,1,-0.10016247630119324,-1.0
380,2,-0.21125304698944092,-1.0
380,3,-0.2980692982673645,-1.0
380,4,0.009964599274098873,-1.0
381,0,-3.8761250972747803,-1.0
381,1,-5.251340866088867,-1.0
381,2,-2.8443286418914795,-1.0
382,0,-2.443755626678467,0.0
382,1,-1.5635186433792114,0.0
382,2,-1.575612187385559,0.0
383,0,-1.5118951797485352,0.0
383,1,-0.5767818689346313,0.0
384,0,-1.8432812690734863,-2.0
384,1,-2.1913857460021973,-2.0
384,2,-2.76338529586792,-2.0
384,3,-2.5423412322998047,-2.0
384,4,-2.0767464637756348,-2.0
384,5,-1.7114810943603516,-2.0
385,0,-4.653077602386475,-1.0
385,1,-5.836487770080566,-1.0
385,2,-3.9557952880859375,-1.0
385,3,-3.761669635772705,-1.0
385,4,-4.093641757965088,-1.0
386,0,-0.30528077483177185,0.0
386,1,-0.13169243931770325,0.0
386,2,1.1678998470306396,0.0
387,0,-2.535553216934204,0.0
388,0,-0.42643770575523376,0.0
388,1,-0.24408435821533203,0.0
389,0,9.183871269226074,-14.0
389,1,16.063888549804688,-14.0
389,2,16.344127655029297,-14.0
389,3,16.295215606689453,-14.0
389,4,16.190628051757812,-14.0
389,5,16.347806930541992,-14.0
389,6,16.281246185302734,-14.0
389,7,16.250507354736328,-14.0
389,8,16.02022361755371,-14.0
389,9,16.071731567382812,-14.0
389,10,16.074951171875,-14.0
389,11,15.911985397338867,-14.0
389,12,15.794678688049316,-14.0
389,13,15.684615135192871,-14.0
389,14,15.550688743591309,-14.0
389,15,15.436272621154785,-14.0
390,0,-0.6438049077987671,0.0
391,0,-1.1630809307098389,0.0
392,0,-0.4282889664173126,-1.0
392,1,-0.8377645015716553,-1.0
392,2,-0.8508987426757812,-1.0
392,3,-0.9135980010032654,-1.0
392,4,-0.714238166809082,-1.0
392,5,-0.6488141417503357,-1.0
392,6,-1.280778408050537,-1.0
392,7,-0.3162921071052551,-1.0
392,8,-0.5586710572242737,-1.0
392,9,-0.5092211961746216,-1.0
392,10,-0.3082568943500519,-1.0
392,11,-0.395296186208725,-1.0
392,12,-0.5286678671836853,-1.0
392,13,-0.5392770171165466,-1.0
392,14,-0.56833815574646,-1.0
392,15,-0.5932052731513977,-1.0
392,16,-0.5741108655929565,-1.0
393,0,0.012501940131187439,0.0
393,1,0.2480340152978897,0.0
393,2,0.23958946764469147,0.0
393,3,0.6095662713050842,0.0
393,4,0.45241349935531616,0.0
393,5,0.19001100957393646,0.0
393,6,0.320237398147583,0.0
393,7,0.37730175256729126,0.0
393,8,0.2573398947715759,0.0
393,9,0.4142969250679016,0.0
393,10,0.3516996502876282,0.0
394,0,14.76534652709961,0.0
394,1,16.485830307006836,0.0
394,2,16.05376625061035,0.0
395,0,-2.895963668823242,20.0
395,1,-3.7718284130096436,20.0
395,2,-3.9190785884857178,20.0
395,3,-8.167864799499512,20.0
395,4,-7.133669853210449,20.0
395,5,-8.706857681274414,20.0
395,6,-8.953476905822754,20.0
395,7,-9.777345657348633,20.0
395,8,-9.08351993560791,20.0
395,9,-8.739299774169922,20.0
395,10,-9.279753684997559,20.0
395,11,-9.034967422485352,20.0
395,12,-9.147513389587402,20.0
395,13,-8.683477401733398,20.0
395,14,-8.655098915100098,20.0
395,15,-9.039324760437012,20.0
395,16,-8.885254859924316,20.0
395,17,-8.902445793151855,20.0
395,18,-8.221059799194336,20.0
395,19,-8.408807754516602,20.0
395,20,-7.5836873054504395,20.0
395,21,-7.272202491760254,20.0
395,22,-7.471909999847412,20.0
395,23,-7.396504878997803,20.0
395,24,-7.6437835693359375,20.0
395,25,-7.886913776397705,20.0
395,26,-7.501074314117432,20.0
395,27,-7.627675533294678,20.0
395,28,-7.6397624015808105,20.0
395,29,-7.7981858253479,20.0
395,30,-7.925294399261475,20.0
395,31,-8.000225067138672,20.0
395,32,-8.102273941040039,20.0
395,33,-8.301774978637695,20.0
395,34,-7.491850852966309,20.0
395,35,-7.492977619171143,20.0
395,36,-7.297482490539551,20.0
395,37,-7.100236415863037,20.0
395,38,-5.745299816131592,20.0
395,39,-5.687941074371338,20.0
396,0,-2.878795623779297,-1.0
396,1,-3.670787811279297,-1.0
396,2,-3.234517812728882,-1.0
396,3,-2.6125638484954834,-1.0
396,4,-2.957768201828003,-1.0
396,5,-2.9992337226867676,-1.0
396,6,-3.028407096862793,-1.0
397,0,-6.827320098876953,0.0
397,1,-4.538902282714844,0.0
397,2,-2.4349353313446045,0.0
397,3,-2.0101311206817627,0.0
398,0,-2.0859034061431885,0.0
398,1,-1.317407250404358,0.0
398,2,-1.2247830629348755,0.0
398,3,-1.2376244068145752,0.0
398,4,-0.0801815465092659,0.0
398,5,0.0785176083445549,0.0
398,6,-0.32752352952957153,0.0
398,7,-0.013732794672250748,0.0
398,8,-0.2304748296737671,0.0
398,9,-0.36385270953178406,0.0
398,10,-0.4533240497112274,0.0
399,0,-0.8627570867538452,0.0
399,1,-1.8790411949157715,0.0
400,0,-1.7628674507141113,0.0
400,1,-2.526132345199585,0.0
400,2,-2.2961158752441406,0.0
400,3,-2.2306265830993652,0.0
401,0,-2.3982932567596436,0.0
401,1,-0.7430594563484192,0.0
401,2,-0.5103314518928528,0.0
401,3,-0.43441101908683777,0.0
402,0,-5.635373592376709,0.0
402,1,-14.629913330078125,0.0
402,2,-6.021487236022949,0.0
402,3,-5.542162895202637,0.0
403,0,-3.403095245361328,0.0
403,1,-1.3503057956695557,0.0
404,0,-6.251195430755615,0.0
405,0,-2.075049638748169,0.0
405,1,-2.0397050380706787,0.0
405,2,0.24553099274635315,0.0
405,3,0.5167750716209412,0.0
405,4,0.15197327733039856,0.0
405,5,0.4450068175792694,0.0
405,6,0.12737727165222168,0.0
406,0,-1.1647272109985352,0.0
406,1,-0.8097501993179321,0.0
407,0,-2.4800302982330322,0.0
407,1,-2.68461012840271,0.0
407,2,-1.615950345993042,0.0
407,3,-2.542231798171997,0.0
407,4,-2.643205404281616,0.0
407,5,-2.4816665649414062,0.0
408,0,-2.699775457382202,0.0
408,1,-2.6441962718963623,0.0
408,2,-2.235203504562378,0.0
409,0,0.1054842472076416,0.0
410,0,-3.802151918411255,0.0
411,0,-0.41186264157295227,0.0
411,1,-1.1894962787628174,0.0
412,0,-1.1422802209854126,0.0
412,1,-0.722308337688446,0.0
412,2,-0.7306872010231018,0.0
412,3,-1.0115101337432861,0.0
413,0,-3.7015838623046875,0.0
413,1,-2.688021183013916,0.0
413,2,-2.2907698154449463,0.0
414,0,-1.460128664970398,0.0
414,1,-0.7132704854011536,0.0
414,2,-0.4738411009311676,0.0
414,3,-0.5066933631896973,0.0
414,4,-0.4654885232448578,0.0
415,0,-3.6382789611816406,20.0
415,1,-3.9489731788635254,20.0
415,2,-4.389041900634766,20.0
415,3,-3.9965014457702637,20.0
415,4,-13.061162948608398,20.0
415,5,-12.355775833129883,20.0
415,6,-10.593687057495117,20.0
415,7,-9.941291809082031,20.0
415,8,-10.215113639831543,20.0
415,9,-6.41269588470459,20.0
415,10,-5.941255569458008,20.0
415,11,-6.911417007446289,20.0
415,12,-7.813241481781006,20.0
415,13,-6.785839557647705,20.0
415,14,-6.571506023406982,20.0
415,15,-6.988854885101318,20.0
415,16,-10.832263946533203,20.0
415,17,-9.925107955932617,20.0
415,18,-9.534623146057129,20.0
415,19,-8.590354919433594,20.0
415,20,-8.477670669555664,20.0
415,21,-8.854352951049805,20.0
415,22,-8.631604194641113,20.0
415,23,-7.92216157913208,20.0
415,24,-8.083757400512695,20.0
415,25,-7.063885688781738,20.0
415,26,-6.890468120574951,20.0
415,27,-7.114473819732666,20.0
415,28,-9.982629776000977,20.0
415,29,-7.748537063598633,20.0
415,30,-7.208564758300781,20.0
415,31,-6.052676200866699,20.0
415,32,-6.102810859680176,20.0
415,33,-5.929819107055664,20.0
415,34,-5.2581400871276855,20.0
415,35,-5.416520595550537,20.0
415,36,-5.498490810394287,20.0
415,37,-5.402522563934326,20.0
415,38,-5.619559288024902,20.0
415,39,-5.52424430847168,20.0
416,0,-0.24418212473392487,0.0
416,1,-0.2774278223514557,0.0
416,2,-0.3584447205066681,0.0
417,0,-1.702803611755371,0.0
418,0,-15.11336898803711,0.0
418,1,-18.421777725219727,0.0
418,2,-17.154647827148438,0.0
418,3,-12.909180641174316,0.0
418,4,-5.633474826812744,0.0
419,0,-2.0414350032806396,0.0
419,1,-2.180356740951538,0.0
419,2,0.44262802600860596,0.0
419,3,0.1342414915561676,0.0
420,0,-2.5726234912872314,0.0
420,1,-0.920734703540802,0.0
421,0,-0.17393037676811218,0.0
421,1,-7.072707653045654,0.0
422,0,-1.8656905889511108,0.0
422,1,-1.4176825284957886,0.0
422,2,-0.5134695768356323,0.0
423,0,0.31361478567123413,0.0
423,1,0.4378970265388489,0.0
423,2,0.637203574180603,0.0
424,0,-0.13551034033298492,-1.0
424,1,-0.5701601505279541,-1.0
424,2,-0.2950975298881531,-1.0
424,3,-0.4479627013206482,-1.0
424,4,-0.6750872731208801,-1.0
424,5,-0.201481893658638,-1.0
424,6,-0.16904030740261078,-1.0
424,7,-0.2492247074842453,-1.0
424,8,-0.2366749495267868,-1.0
424,9,-0.051130108535289764,-1.0
424,10,-0.08547457307577133,-1.0
424,11,-0.14196737110614777,-1.0
425,0,-0.6478402018547058,-2.0
425,1,1.6562219858169556,-2.0
425,2,1.1538043022155762,-2.0
425,3,1.3169803619384766,-2.0
426,0,-0.5837485790252686,-3.0
426,1,-0.8743542432785034,-3.0
426,2,-0.6763700246810913,-3.0
426,3,-0.6181726455688477,-3.0
426,4,-1.025339126586914,-3.0
426,5,-1.0797903537750244,-3.0
426,6,-0.6526927351951599,-3.0
427,0,-3.9525840282440186,-6.0
427,1,0.10433073341846466,-6.0
427,2,0.9671966433525085,-6.0
427,3,7.201166152954102,-6.0
427,4,11.773253440856934,-6.0
427,5,11.517492294311523,-6.0
427,6,11.558792114257812,-6.0
427,7,11.086263656616211,-6.0
427,8,10.40108585357666,-6.0
427,9,6.092487335205078,-6.0
427,10,3.0876944065093994,-6.0
427,11,3.5089540481567383,-6.0
427,12,4.723480224609375,-6.0
428,0,0.2759440839290619,0.0
429,0,-3.3584959506988525,0.0
429,1,-1.0435856580734253,0.0
429,2,-0.542683482170105,0.0
430,0,-0.04415668919682503,0.0
431,0,-0.7369347810745239,0.0
431,1,0.20288032293319702,0.0
432,0,13.31617259979248,-3.0
432,1,15.948826789855957,-3.0
432,2,16.509538650512695,-3.0
432,3,16.30197525024414,-3.0
432,4,16.289098739624023,-3.0
432,5,16.38585662841797,-3.0
432,6,16.59054946899414,-3.0
432,7,16.106279373168945,-3.0
433,0,-4.825153827667236,0.0
433,1,-5.2312188148498535,0.0
433,2,-4.817443370819092,0.0
433,3,-4.689912796020508,0.0
433,4,-4.543803691864014,0.0
433,5,-4.470857620239258,0.0
433,6,-4.373137950897217,0.0
434,0,-0.14865852892398834,-1.0
434,1,1.2316638231277466,-1.0
434,2,2.4941883087158203,-1.0
434,3,1.0812371969223022,-1.0
434,4,0.8240342140197754,-1.0
434,5,0.33699458837509155,-1.0
434,6,-0.18980476260185242,-1.0
434,7,0.11134255677461624,-1.0
434,8,-0.1689576506614685,-1.0
435,0,-6.224546432495117,0.0
436,0,-1.3999484777450562,0.0
436,1,-0.48302146792411804,0.0
437,0,-0.527368426322937,0.0
437,1,0.6032019257545471,0.0
437,2,0.9436681866645813,0.0
438,0,-2.2534523010253906,0.0
438,1,-6.848753929138184,0.0
438,2,-1.7101713418960571,0.0
439,0,-0.4786243736743927,0.0
440,0,-12.406121253967285,0.0
440,1,-22.06810760498047,0.0
440,2,-20.273948669433594,0.0
440,3,0.3796367645263672,0.0
441,0,-1.417162537574768,-9.0
441,1,-0.6068889498710632,-9.0
441,2,-0.046642497181892395,-9.0
441,3,-0.1105111837387085,-9.0
441,4,0.00372423161752522,-9.0
441,5,-0.09415261447429657,-9.0
441,6,-0.058584555983543396,-9.0
441,7,-0.08283917605876923,-9.0
441,8,0.21065370738506317,-9.0
441,9,0.18886251747608185,-9.0
441,10,0.17457260191440582,-9.0
441,11,0.15291030704975128,-9.0
441,12,0.5028395652770996,-9.0
441,13,-0.027011141180992126,-9.0
441,14,-0.04661323130130768,-9.0
442,0,-3.7703537940979004,-2.0
442,1,-3.1427526473999023,-2.0
442,2,-3.3091084957122803,-2.0
442,3,-1.5258880853652954,-2.0
442,4,-2.89029598236084,-2.0
443,0,0.14856313169002533,0.0
443,1,0.04208122938871384,0.0
443,2,-0.007456041406840086,0.0
443,3,-0.19526055455207825,0.0
444,0,0.05777353793382645,-1.0
444,1,-0.08431636542081833,-1.0
444,2,-0.034116171300411224,-1.0
444,3,0.07784146815538406,-1.0
444,4,0.03328149765729904,-1.0
444,5,0.050120554864406586,-1.0
444,6,0.01677156239748001,-1.0
444,7,0.17271281778812408,-1.0
444,8,0.1439405083656311,-1.0
444,9,0.11677136272192001,-1.0
444,10,0.07964804023504257,-1.0
445,0,-0.1568835824728012,0.0
445,1,-0.15330304205417633,0.0
446,0,-1.1496785879135132,-4.0
446,1,-1.8094327449798584,-4.0
446,2,-1.4034076929092407,-4.0
446,3,-1.3803775310516357,-4.0
446,4,-1.463058352470398,-4.0
446,5,-1.436353325843811,-4.0
446,6,-0.3538018763065338,-4.0
446,7,-0.047815270721912384,-4.0
446,8,-0.09473135322332382,-4.0
446,9,-0.12889216840267181,-4.0
446,10,-0.1583874374628067,-4.0
446,11,0.04377985745668411,-4.0
447,0,0.7552216649055481,0.0
447,1,1.0390243530273438,0.0
447,2,0.9705265164375305,0.0
447,3,0.738044798374176,0.0
448,0,0.8125773072242737,-3.0
448,1,0.7999809384346008,-3.0
448,2,0.739622175693512,-3.0
448,3,0.8837328553199768,-3.0
448,4,0.8306301236152649,-3.0
449,0,-15.4108247756958,20.0
449,1,-18.329185485839844,20.0
449,2,-19.41346549987793,20.0
449,3,-19.44120216369629,20.0
449,4,-19.57801055908203,20.0
449,5,-19.53825569152832,20.0
449,6,-19.842132568359375,20.0
449,7,-19.82776641845703,20.0
449,8,-20.233346939086914,20.0
449,9,-20.272550582885742,20.0
449,10,-20.35917091369629,20.0
449,11,-20.29474449157715,20.0
449,12,-20.25752067565918,20.0
449,13,-20.31834602355957,20.0
449,14,-20.377792358398438,20.0
449,15,-20.498193740844727,20.0
449,16,-20.587753295898438,20.0
449,17,-20.610158920288086,20.0
449,18,-20.550453186035156,20.0
449,19,-20.772228240966797,20.0
449,20,-20.74103355407715,20.0
449,21,-20.777374267578125,20.0
449,22,-20.782283782958984,20.0
449,23,-20.754777908325195,20.0
449,24,-20.694765090942383,20.0
449,25,-20.736019134521484,20.0
449,26,-20.739398956298828,20.0
449,27,-20.715015411376953,20.0
449,28,-20.795177459716797,20.0
449,29,-20.795141220092773,20.0
449,30,-20.747852325439453,20.0
449,31,-20.743385314941406,20.0
449,32,-20.68700408935547,20.0
449,33,-20.672513961791992,20.0
449,34,-20.6346435546875,20.0
449,35,-20.61549186706543,20.0
449,36,-20.598865509033203,20.0
449,37,-20.579959869384766,20.0
449,38,-20.545124053955078,20.0
449,39,-20.467273712158203,20.0
450,0,-4.084097862243652,0.0
450,1,-1.8125669956207275,0.0
450,2,-2.0232508182525635,0.0
451,0,-0.893843412399292,0.0
451,1,-0.6013109087944031,0.0
451,2,-0.7965275645256042,0.0
452,0,-1.6622469425201416,0.0
453,0,-6.951107501983643,0.0
453,1,-1.1174614429473877,0.0
453,2,-1.1763843297958374,0.0
453,3,-0.8049331903457642,0.0
454,0,-0.8448087573051453,0.0
454,1,-0.32972145080566406,0.0
455,0,-0.7357566952705383,-2.0
455,1,-1.2002513408660889,-2.0
455,2,-1.6751985549926758,-2.0
455,3,-0.11458910256624222,-2.0
456,0,-0.4419199228286743,0.0
456,1,0.09575410932302475,0.0
457,0,-0.5450577735900879,0.0
458,0,-0.6246165633201599,-3.0
458,1,-0.5936622023582458,-3.0
458,2,-0.3215017020702362,-3.0
458,3,0.059941086918115616,-3.0
458,4,0.07070497423410416,-3.0
458,5,-0.05474519357085228,-3.0
459,0,-0.3794340491294861,-1.0
459,1,0.3563515841960907,-1.0
459,2,0.22715400159358978,-1.0
459,3,0.3858179450035095,-1.0
459,4,0.22788755595684052,-1.0
459,5,0.3976700007915497,-1.0
459,6,0.2986251711845398,-1.0
459,7,0.46263524889945984,-1.0
460,0,-0.47127994894981384,0.0
460,1,-0.022124214097857475,0.0
460,2,0.12428012490272522,0.0
460,3,0.0076329270377755165,0.0
460,4,-0.11454849690198898,0.0
461,0,0.16930928826332092,0.0
462,0,-0.05034627765417099,0.0
463,0,-5.568539619445801,-24.0
463,1,-2.9423985481262207,-24.0
463,2,-2.533710479736328,-24.0
463,3,-2.4455883502960205,-24.0
463,4,-4.376063346862793,-24.0
463,5,-3.944646120071411,-24.0
463,6,-4.339509010314941,-24.0
463,7,-4.238889694213867,-24.0
463,8,-4.504136562347412,-24.0
463,9,-4.496172904968262,-24.0
463,10,-4.582773685455322,-24.0
463,11,-4.470039367675781,-24.0
463,12,-5.065816402435303,-24.0
463,13,-4.609973430633545,-24.0
463,14,-4.361987113952637,-24.0
463,15,-4.6965012550354,-24.0
463,16,-5.12011194229126,-24.0
463,17,-5.1305251121521,-24.0
463,18,-5.053613662719727,-24.0
463,19,-4.942668437957764,-24.0
463,20,-4.885526180267334,-24.0
463,21,-5.348762512207031,-24.0
463,22,-5.387436866760254,-24.0
463,23,-4.375011920928955,-24.0
463,24,-4.548684120178223,-24.0
463,25,-4.508211135864258,-24.0
463,26,-4.418702602386475,-24.0
463,27,-4.624905109405518,-24.0
463,28,-4.87297248840332,-24.0
464,0,-0.13508149981498718,0.0
465,0,-0.6643697619438171,0.0
465,1,-0.3516058623790741,0.0
465,2,-0.3912547826766968,0.0
465,3,-0.41387706995010376,0.0
465,4,-0.3810419738292694,0.0
465,5,-0.3584561049938202,0.0
465,6,-0.4473820626735687,0.0
465,7,-0.4168994724750519,0.0
465,8,-0.5684611201286316,0.0
466,0,0.11260593682527542,0.0
466,1,0.35328713059425354,0.0
466,2,0.33715978264808655,0.0
466,3,0.13915584981441498,0.0
467,0,-4.631057262420654,0.0
467,1,-10.259394645690918,0.0
467,2,-9.76323127746582,0.0
467,3,-9.23772144317627,0.0
467,4,-8.660792350769043,0.0
467,5,-8.815489768981934,0.0
467,6,-7.70672607421875,0.0
467,7,-8.212875366210938,0.0
467,8,-8.046305656433105,0.0
468,0,-1.3202348947525024,0.0
469,0,0.738525927066803,0.0
469,1,0.3541536033153534,0.0
469,2,-1.1073362827301025,0.0
470,0,-2.4268693923950195,0.0
470,1,-1.6406383514404297,0.0
470,2,-1.0642673969268799,0.0
471,0,-2.4580423831939697,0.0
471,1,-1.9395502805709839,0.0
471,2,-1.7951902151107788,0.0
471,3,-2.1406285762786865,0.0
472,0,-0.05709974095225334,0.0
473,0,0.5038999915122986,-11.0
473,1,0.16040951013565063,-11.0
473,2,0.14825740456581116,-11.0
473,3,-1.7540276050567627,-11.0
473,4,-11.646490097045898,-11.0
473,5,-9.670985221862793,-11.0
473,6,-10.675850868225098,-11.0
473,7,-10.904608726501465,-11.0
473,8,-10.233430862426758,-11.0
473,9,-10.26394271850586,-11.0
473,10,-9.495917320251465,-11.0
473,11,-9.355871200561523,-11.0
473,12,-8.986361503601074,-11.0
473,13,-8.131776809692383,-11.0
473,14,-7.720269680023193,-11.0
473,15,-6.5366668701171875,-11.0
473,16,-6.062808036804199,-11.0
473,17,-5.406905651092529,-11.0
473,18,-4.520689010620117,-11.0
474,0,0.42512816190719604,-26.0
474,1,2.4503252506256104,-26.0
474,2,2.7410008907318115,-26.0
474,3,2.745591878890991,-26.0
474,4,1.1914494037628174,-26.0
474,5,0.5132684707641602,-26.0
474,6,1.1569057703018188,-26.0
474,7,0.5227887630462646,-26.0
474,8,0.21432781219482422,-26.0
474,9,0.11041772365570068,-26.0
474,10,0.7398615479469299,-26.0
474,11,0.9623733758926392,-26.0
474,12,0.8685092926025391,-26.0
474,13,1.0539772510528564,-26.0
474,14,1.0654789209365845,-26.0
474,15,0.8103567957878113,-26.0
474,16,0.7681413292884827,-26.0
474,17,0.6422052383422852,-26.0
474,18,0.3243620991706848,-26.0
474,19,0.10511887073516846,-26.0
474,20,0.15328443050384521,-26.0
474,21,0.2296830415725708,-26.0
474,22,0.14019817113876343,-26.0
474,23,0.1287250816822052,-26.0
474,24,0.18748915195465088,-26.0
474,25,-0.024711845442652702,-26.0
474,26,-0.23428291082382202,-26.0
474,27,-0.47215479612350464,-26.0
474,28,-0.41038912534713745,-26.0
474,29,-0.4658724069595337,-26.0
474,30,-0.496776819229126,-26.0
474,31,-0.6296403408050537,-26.0
474,32,-0.7317378520965576,-26.0
474,33,-0.8752509355545044,-26.0
474,34,-0.9956988096237183,-26.0
474,35,-1.2140318155288696,-26.0
475,0,-0.8262428641319275,-6.0
475,1,-0.7211776971817017,-6.0
475,2,-0.2664485573768616,-6.0
475,3,-0.2283332198858261,-6.0
475,4,0.0243670716881752,-6.0
475,5,-0.3502756357192993,-6.0
475,6,-0.9685987830162048,-6.0
475,7,-1.3170591592788696,-6.0
475,8,-1.5422567129135132,-6.0
475,9,-1.2743953466415405,-6.0
476,0,-1.4034221172332764,-2.0
476,1,-1.0749015808105469,-2.0
476,2,-0.8674747943878174,-2.0
476,3,-0.647879958152771,-2.0
476,4,-1.1283760070800781,-2.0
477,0,-7.266420364379883,-2.0
477,1,-9.731121063232422,-2.0
477,2,-8.044424057006836,-2.0
477,3,-6.784863471984863,-2.0
477,4,-3.8408761024475098,-2.0
477,5,-3.686897039413452,-2.0
477,6,-3.182793617248535,-2.0
477,7,-3.119800567626953,-2.0
478,0,-0.4779258668422699,-17.0
478,1,0.059895019978284836,-17.0
478,2,0.7350033521652222,-17.0
478,3,0.7431103587150574,-17.0
478,4,0.4797539710998535,-17.0
478,5,0.600480854511261,-17.0
478,6,0.29237988591194153,-17.0
478,7,-0.20578907430171967,-17.0
478,8,-0.4851987063884735,-17.0
478,9,0.2289554923772812,-17.0
478,10,0.2373369187116623,-17.0
478,11,0.6048018336296082,-17.0
478,12,0.4000415503978729,-17.0
478,13,0.316989928483963,-17.0
478,14,-0.08448843657970428,-17.0
478,15,-0.45701685547828674,-17.0
478,16,-0.33405765891075134,-17.0
478,17,-0.2695869505405426,-17.0
478,18,-0.31091657280921936,-17.0
478,19,-0.3914427161216736,-17.0
478,20,-0.40310797095298767,-17.0
478,21,-0.27098050713539124,-17.0
478,22,-0.2970735728740692,-17.0
478,23,-0.25019505620002747,-17.0
478,24,-0.4215431809425354,-17.0
478,25,-0.3906495273113251,-17.0
478,26,-0.3513123095035553,-17.0
478,27,-0.30543774366378784,-17.0
478,28,-0.4148678481578827,-17.0
478,29,-0.5201912522315979,-17.0
479,0,-4.470261096954346,0.0
479,1,-5.963538646697998,0.0
479,2,-11.377758979797363,0.0
480,0,-1.017440676689148,0.0
480,1,-0.6905715465545654,0.0
480,2,-0.8216608762741089,0.0
481,0,-1.5470062494277954,0.0
481,1,-5.803256034851074,0.0
481,2,-6.176961421966553,0.0
482,0,-0.1610158085823059,0.0
483,0,-4.9877119064331055,0.0
484,0,0.18101909756660461,-1.0
484,1,0.03858950734138489,-1.0
484,2,0.08443379402160645,-1.0
484,3,-0.16616201400756836,-1.0
485,0,-5.907057762145996,0.0
485,1,-4.401416778564453,0.0
485,2,-3.633423328399658,0.0
485,3,-3.384542942047119,0.0
486,0,0.46680089831352234,-5.0
486,1,0.8131908774375916,-5.0
486,2,0.752399742603302,-5.0
486,3,0.7609103322029114,-5.0
486,4,-0.18922241032123566,-5.0
486,5,-0.27242884039878845,-5.0
486,6,-0.5586326718330383,-5.0
487,0,-0.11586889624595642,0.0
487,1,0.33260753750801086,0.0
488,0,-1.5749651193618774,0.0
488,1,-0.20489700138568878,0.0
489,0,-5.442982196807861,-7.0
489,1,-6.407876491546631,-7.0
489,2,-5.597396373748779,-7.0
489,3,-7.1474609375,-7.0
489,4,-6.829834461212158,-7.0
489,5,-7.091301918029785,-7.0
489,6,-6.573592662811279,-7.0
489,7,-6.273792743682861,-7.0
489,8,-5.936330318450928,-7.0
489,9,-5.495333194732666,-7.0
489,10,-5.018189430236816,-7.0
490,0,-1.2897378206253052,0.0
490,1,-0.9997201561927795,0.0
490,2,-0.9619905948638916,0.0
490,3,-0.7464547753334045,0.0
490,4,-0.8033421039581299,0.0
490,5,-0.7978270649909973,0.0
490,6,-0.7721526026725769,0.0
490,7,-0.6424416303634644,0.0
490,8,-0.6108177900314331,0.0
491,0,-0.18666766583919525,0.0
492,0,-1.457189917564392,0.0
492,1,-0.28172969818115234,0.0
493,0,-0.15430572628974915,0.0
494,0,0.10466326773166656,-5.0
494,1,-2.851290464401245,-5.0
494,2,-1.8645884990692139,-5.0
494,3,-2.2089991569519043,-5.0
494,4,-1.2397178411483765,-5.0
494,5,-1.106687307357788,-5.0
494,6,-0.675372302532196,-5.0
494,7,-0.4735814929008484,-5.0
494,8,-0.5457060933113098,-5.0
494,9,0.43293052911758423,-5.0
495,0,-0.41759660840034485,-8.0
495,1,4.754683494567871,-8.0
495,2,7.5543694496154785,-8.0
495,3,8.605029106140137,-8.0
495,4,8.85299015045166,-8.0
495,5,8.41817569732666,-8.0
495,6,8.454453468322754,-8.0
495,7,8.79760456085205,-8.0
495,8,5.7055983543396,-8.0
495,9,4.785436630249023,-8.0
495,10,1.7601007223129272,-8.0
495,11,0.525001049041748,-8.0
496,0,0.18939076364040375,0.0
497,0,-1.0116561651229858,-9.0
497,1,-2.197413206100464,-9.0
497,2,-1.799063801765442,-9.0
497,3,-1.626259207725525,-9.0
497,4,-1.4506839513778687,-9.0
497,5,-1.9481099843978882,-9.0
497,6,-0.9631380438804626,-9.0
497,7,-1.0286372900009155,-9.0
497,8,-0.8064603209495544,-9.0
497,9,-0.8919132947921753,-9.0
497,10,-0.9111347198486328,-9.0
497,11,-0.9644449949264526,-9.0
498,0,-10.699199676513672,0.0
498,1,-6.8878936767578125,0.0
498,2,-4.290867328643799,0.0
498,3,-3.7231788635253906,0.0
499,0,2.3692820072174072,-1.0
499,1,14.817132949829102,-1.0
499,2,14.216338157653809,-1.0
499,3,5.65023136138916,-1.0
499,4,2.611332654953003,-1.0
500,0,0.6347969770431519,-4.0
500,1,6.7826972007751465,-4.0
500,2,15.932708740234375,-4.0
500,3,15.487523078918457,-4.0
500,4,16.676015853881836,-4.0
500,5,16.592069625854492,-4.0
500,6,16.114736557006836,-4.0
500,7,14.373549461364746,-4.0
501,0,-12.255066871643066,-23.0
501,1,-12.954955101013184,-23.0
501,2,-11.645087242126465,-23.0
501,3,-11.292125701904297,-23.0
501,4,-11.364855766296387,-23.0
501,5,-6.770661354064941,-23.0
501,6,-4.885280609130859,-23.0
501,7,-6.1707539558410645,-23.0
501,8,-5.018654823303223,-23.0
501,9,-3.4702255725860596,-23.0
501,10,-4.620809078216553,-23.0
501,11,-3.7656099796295166,-23.0
501,12,-1.9396147727966309,-23.0
501,13,-2.1688029766082764,-23.0
501,14,-3.632577657699585,-23.0
501,15,-2.147202730178833,-23.0
501,16,-1.7581324577331543,-23.0
501,17,-2.267800807952881,-23.0
501,18,-1.5844275951385498,-23.0
501,19,-3.4799296855926514,-23.0
501,20,-1.309307336807251,-23.0
501,21,-2.8334758281707764,-23.0
501,22,-1.454418659210205,-23.0
501,23,-0.37792015075683594,-23.0
501,24,-1.3738229274749756,-23.0
501,25,-3.171670913696289,-23.0
501,26,-3.2831382751464844,-23.0
501,27,-2.553049325942993,-23.0
501,28,-2.101027250289917,-23.0
501,29,-3.119676113128662,-23.0
502,0,0.04091137275099754,0.0
503,0,-1.4851053953170776,0.0
503,1,-1.2828114032745361,0.0
503,2,-1.0335183143615723,0.0
503,3,-0.42777398228645325,0.0
503,4,-0.4940330982208252,0.0
504,0,-0.9636590480804443,0.0
504,1,-1.2160181999206543,0.0
505,0,-0.06468470394611359,-1.0
505,1,-1.2999975681304932,-1.0
505,2,-1.1478004455566406,-1.0
505,3,-0.9785961508750916,-1.0
505,4,-0.9559028148651123,-1.0
505,5,-0.9906337857246399,-1.0
506,0,-0.23038838803768158,0.0
506,1,-0.11943322420120239,0.0
506,2,-0.30253517627716064,0.0
506,3,-0.3172854781150818,0.0
507,0,-1.325416922569275,0.0
507,1,-0.2866237461566925,0.0
507,2,-0.6761664748191833,0.0
507,3,-0.6418694257736206,0.0
508,0,-2.003746271133423,0.0
508,1,-2.8274729251861572,0.0
508,2,-1.742141604423523,0.0
508,3,-0.946618378162384,0.0
508,4,-0.7525501251220703,0.0
508,5,-0.6467503905296326,0.0
508,6,-0.25846660137176514,0.0
509,0,-6.252854347229004,-21.0
509,1,-7.746041297912598,-21.0
509,2,-6.718198776245117,-21.0
509,3,-7.528728485107422,-21.0
509,4,-7.001428604125977,-21.0
509,5,-8.220882415771484,-21.0
509,6,-7.876360893249512,-21.0
509,7,-7.466222763061523,-21.0
509,8,-7.071043968200684,-21.0
509,9,-6.837484359741211,-21.0
509,10,-6.999070167541504,-21.0
509,11,-6.984367370605469,-21.0
509,12,-6.768864154815674,-21.0
509,13,-6.977254390716553,-21.0
509,14,-6.828218936920166,-21.0
509,15,-6.810493469238281,-21.0
509,16,-6.909591197967529,-21.0
509,17,-6.8538737297058105,-21.0
509,18,-6.9043779373168945,-21.0
509,19,-6.836788177490234,-21.0
509,20,-6.947587966918945,-21.0
509,21,-7.2454047203063965,-21.0
509,22,-7.480154514312744,-21.0
509,23,-7.422544002532959,-21.0
509,24,-7.268139362335205,-21.0
509,25,-7.256663799285889,-21.0
509,26,-7.395214557647705,-21.0
509,27,-7.466705799102783,-21.0
509,28,-7.53354549407959,-21.0
509,29,-7.492498397827148,-21.0
509,30,-7.612078666687012,-21.0
509,31,-7.693437576293945,-21.0
509,32,-7.420281410217285,-21.0
509,33,-7.43996000289917,-21.0
509,34,-7.45054817199707,-21.0
509,35,-7.498502731323242,-21.0
509,36,-7.409598350524902,-21.0
510,0,-0.8249461650848389,-1.0
510,1,-0.7283722162246704,-1.0
510,2,-1.1286019086837769,-1.0
511,0,-2.0497217178344727,-20.0
511,1,-5.438880920410156,-20.0
511,2,-4.652575492858887,-20.0
511,3,-4.7976603507995605,-20.0
511,4,-3.5223138332366943,-20.0
511,5,-3.0548548698425293,-20.0
511,6,-3.1148228645324707,-20.0
511,7,-2.6761889457702637,-20.0
511,8,-2.5908591747283936,-20.0
511,9,-9.48139762878418,-20.0
511,10,-7.45595121383667,-20.0
511,11,-7.351906776428223,-20.0
511,12,-6.942060947418213,-20.0
511,13,-5.242800235748291,-20.0
511,14,-4.573819160461426,-20.0
511,15,-3.649609327316284,-20.0
511,16,-3.2832131385803223,-20.0
511,17,-2.7867088317871094,-20.0
511,18,-2.6781184673309326,-20.0
511,19,-2.55619740486145,-20.0
511,20,-2.489279270172119,-20.0
511,21,-2.4122703075408936,-20.0
511,22,-3.7572336196899414,-20.0
511,23,-3.6222105026245117,-20.0
511,24,-3.3860867023468018,-20.0
511,25,-3.2746903896331787,-20.0
512,0,-3.4981367588043213,0.0
512,1,-1.9974433183670044,0.0
512,2,-0.31855109333992004,0.0
512,3,-1.2383607625961304,0.0
512,4,-0.2685610055923462,0.0
512,5,-0.09574822336435318,0.0
512,6,-0.39590778946876526,0.0
513,0,-14.093912124633789,0.0
513,1,-13.059229850769043,0.0
513,2,-9.756501197814941,0.0
513,3,-7.583676815032959,0.0
513,4,-5.876794338226318,0.0
514,0,5.552145957946777,-14.0
514,1,6.838833332061768,-14.0
514,2,7.338156223297119,-14.0
514,3,10.998101234436035,-14.0
514,4,10.459991455078125,-14.0
514,5,10.19974422454834,-14.0
514,6,9.531440734863281,-14.0
514,7,8.7567777633667,-14.0
514,8,8.501297950744629,-14.0
514,9,7.199424743652344,-14.0
514,10,6.5750813484191895,-14.0
514,11,6.945065021514893,-14.0
514,12,6.1753621101379395,-14.0
514,13,6.4696245193481445,-14.0
514,14,5.562472820281982,-14.0
514,15,4.1760053634643555,-14.0
514,16,2.5996713638305664,-14.0
514,17,0.9483740329742432,-14.0
514,18,-0.17550769448280334,-14.0
514,19,-3.1814966201782227,-14.0
515,0,-0.9123161435127258,0.0
515,1,-1.7090251445770264,0.0
515,2,-1.2788358926773071,0.0
515,3,-1.3755266666412354,0.0
516,0,-2.8607780933380127,0.0
516,1,-1.162959337234497,0.0
516,2,-1.1812098026275635,0.0
516,3,-0.23000265657901764,0.0
516,4,-0.2159547358751297,0.0
516,5,0.09420198947191238,0.0
517,0,-0.744161069393158,0.0
517,1,-0.49304261803627014,0.0
517,2,-0.4653549790382385,0.0
517,3,-0.30990269780158997,0.0
517,4,-0.5615909695625305,0.0
517,5,-0.666231095790863,0.0
517,6,-0.7049601674079895,0.0
517,7,-0.777758002281189,0.0
517,8,-0.8654547333717346,0.0
518,0,-3.859147787094116,0.0
518,1,-1.6939135789871216,0.0
518,2,-1.52084219455719,0.0
518,3,-1.021417498588562,0.0
519,0,-10.652596473693848,-3.0
519,1,-7.3149003982543945,-3.0
519,2,-7.62342643737793,-3.0
519,3,-7.110476493835449,-3.0
519,4,-2.81531023979187,-3.0
519,5,-2.588862419128418,-3.0
519,6,-2.8891170024871826,-3.0
519,7,-3.317610025405884,-3.0
519,8,-2.7570459842681885,-3.0
520,0,-5.696570873260498,-1.0
520,1,-7.504629611968994,-1.0
520,2,-6.967479228973389,-1.0
520,3,-7.817189693450928,-1.0
520,4,-4.473355770111084,-1.0
520,5,-1.5433801412582397,-1.0
521,0,-0.8810961246490479,0.0
522,0,-6.332413673400879,-31.0
522,1,-12.951578140258789,-31.0
522,2,-12.763338088989258,-31.0
522,3,-20.135122299194336,-31.0
522,4,-20.37810707092285,-31.0
522,5,-21.325733184814453,-31.0
522,6,-21.102210998535156,-31.0
522,7,-20.997587203979492,-31.0
522,8,-20.65071678161621,-31.0
522,9,-20.299631118774414,-31.0
522,10,-19.3475399017334,-31.0
522,11,-18.59943962097168,-31.0
522,12,-19.19721031188965,-31.0
522,13,-19.256460189819336,-31.0
522,14,-19.269344329833984,-31.0
522,15,-18.99060821533203,-31.0
522,16,-19.258466720581055,-31.0
522,17,-18.584009170532227,-31.0
522,18,-18.76256561279297,-31.0
522,19,-17.46785545349121,-31.0
522,20,-17.102426528930664,-31.0
522,21,-17.09389305114746,-31.0
522,22,-16.506643295288086,-31.0
522,23,-16.57970428466797,-31.0
522,24,-16.531822204589844,-31.0
522,25,-14.999248504638672,-31.0
522,26,-14.51772403717041,-31.0
522,27,-13.375536918640137,-31.0
522,28,-13.325493812561035,-31.0
522,29,-13.249752044677734,-31.0
522,30,-13.360576629638672,-31.0
522,31,-13.274040222167969,-31.0
522,32,-13.113073348999023,-31.0
522,33,-13.013608932495117,-31.0
522,34,-12.946165084838867,-31.0
523,0,-0.4517988860607147,0.0
523,1,-0.2983906865119934,0.0
523,2,-0.2664807438850403,0.0
523,3,-0.48904240131378174,0.0
523,4,-0.5449652671813965,0.0
523,5,-0.6507680416107178,0.0
523,6,-0.5551537871360779,0.0
523,7,-0.6462452411651611,0.0
524,0,-3.317692279815674,-4.0
524,1,-5.311977386474609,-4.0
524,2,-4.059642791748047,-4.0
524,3,-2.290957450866699,-4.0
524,4,-3.093569278717041,-4.0
524,5,-3.1063411235809326,-4.0
525,0,-9.482150077819824,0.0
525,1,-17.482486724853516,0.0
525,2,-15.437605857849121,0.0
525,3,-15.274025917053223,0.0
526,0,-1.3691062927246094,0.0
526,1,-5.132843017578125,0.0
526,2,-7.9494805335998535,0.0
526,3,-8.278913497924805,0.0
526,4,-3.946977138519287,0.0
526,5,-3.4408252239227295,0.0
526,6,-2.2303013801574707,0.0
526,7,-1.4021941423416138,0.0
526,8,-1.1736078262329102,0.0
526,9,-1.1106524467468262,0.0
526,10,-1.0972721576690674,0.0
526,11,-0.9828276634216309,0.0
526,12,-0.9445767402648926,0.0
526,13,-0.8347872495651245,0.0
526,14,-0.7953057885169983,0.0
526,15,-0.7668700218200684,0.0
526,16,-0.7825312614440918,0.0
527,0,-2.05522084236145,0.0
528,0,-0.5898728966712952,0.0
528,1,-0.9169746041297913,0.0
528,2,-0.8103344440460205,0.0
528,3,-0.5475022792816162,0.0
528,4,-0.4801348149776459,0.0
528,5,-0.34501463174819946,0.0
528,6,-0.2972453236579895,0.0
528,7,-0.28764086961746216,0.0
528,8,-0.17028619349002838,0.0
528,9,-0.17580433189868927,0.0
528,10,-0.14900121092796326,0.0
528,11,-0.08321668952703476,0.0
528,12,-0.06773453205823898,0.0
528,13,-0.028282184153795242,0.0
528,14,0.004098936449736357,0.0
529,0,-1.3720552921295166,0.0
530,0,-3.7768356800079346,0.0
530,1,-5.488430500030518,0.0
530,2,-3.396670341491699,0.0
530,3,-2.014331579208374,0.0
530,4,-1.8530454635620117,0.0
530,5,-0.4922718107700348,0.0
530,6,-1.0806256532669067,0.0
530,7,-0.8411361575126648,0.0
530,8,-0.6277869939804077,0.0
530,9,-0.6877183318138123,0.0
530,10,-2.2433717250823975,0.0
531,0,-1.714577555656433,0.0
531,1,-6.063487529754639,0.0
531,2,-2.291266679763794,0.0
531,3,-2.2527570724487305,0.0
531,4,-2.2631616592407227,0.0
532,0,3.6767709255218506,0.0
532,1,13.613081932067871,0.0
532,2,12.70311164855957,0.0
532,3,8.505971908569336,0.0
532,4,7.0478901863098145,0.0
532,5,6.08716344833374,0.0
532,6,4.171807765960693,0.0
532,7,2.9672043323516846,0.0
532,8,0.9960389137268066,0.0
533,0,6.3483076095581055,-8.0
533,1,10.34127426147461,-8.0
533,2,11.685820579528809,-8.0
533,3,12.865897178649902,-8.0
533,4,13.354219436645508,-8.0
533,5,13.478352546691895,-8.0
533,6,12.618757247924805,-8.0
533,7,11.325713157653809,-8.0
533,8,6.9373345375061035,-8.0
533,9,6.286998271942139,-8.0
533,10,10.747824668884277,-8.0
533,11,6.2732062339782715,-8.0
533,12,10.71923542022705,-8.0
533,13,12.289278030395508,-8.0
533,14,13.288718223571777,-8.0
533,15,12.019046783447266,-8.0
533,16,6.1869964599609375,-8.0
533,17,9.034460067749023,-8.0
533,18,6.812663555145264,-8.0
533,19,7.694173812866211,-8.0
534,0,-1.619942307472229,0.0
535,0,-4.6446332931518555,0.0
535,1,-8.3833646774292,0.0
535,2,-7.115911483764648,0.0
535,3,-6.617297649383545,0.0
536,0,-1.9178686141967773,0.0
536,1,-1.8283957242965698,0.0
536,2,-1.0965749025344849,0.0
536,3,-4.525270462036133,0.0
536,4,-4.750394821166992,0.0
536,5,-4.037415504455566,0.0
537,0,-0.38708701729774475,-2.0
537,1,-1.29533851146698,-2.0
537,2,0.05928061902523041,-2.0
537,3,0.4659484028816223,-2.0
537,4,1.0484362840652466,-2.0
537,5,0.2517131268978119,-2.0
538,0,-0.3020898997783661,0.0
538,1,-0.18680962920188904,0.0
538,2,-0.10755862295627594,0.0
538,3,-0.10673752427101135,0.0
538,4,-0.029242394492030144,0.0
538,5,-0.09856735169887543,0.0
538,6,-0.13402098417282104,0.0
538,7,-0.1688441038131714,0.0
538,8,-0.19467464089393616,0.0
538,9,-0.17913979291915894,0.0
538,10,-0.20533552765846252,0.0
539,0,-0.021576741710305214,0.0
539,1,0.006292840465903282,0.0
539,2,-0.3871005177497864,0.0
540,0,-4.347260475158691,0.0
540,1,-1.220133662223816,0.0
540,2,-1.0308619737625122,0.0
541,0,-0.19172799587249756,0.0
542,0,-0.09898564964532852,0.0
543,0,-0.7914586067199707,0.0
544,0,-0.3003287613391876,0.0
544,1,-0.12992875277996063,0.0
544,2,-0.14558188617229462,0.0
544,3,-0.3711000978946686,0.0
544,4,-0.07262541353702545,0.0
544,5,-0.03709341958165169,0.0
544,6,4.4238753616809845e-05,0.0
544,7,-0.03251876309514046,0.0
544,8,-0.05684090778231621,0.0
545,0,6.366130828857422,20.0
545,1,17.239267349243164,20.0
545,2,16.50520133972168,20.0
545,3,16.516395568847656,20.0
545,4,17.019262313842773,20.0
545,5,17.283283233642578,20.0
545,6,17.417200088500977,20.0
545,7,17.50067901611328,20.0
545,8,16.95907211303711,20.0
545,9,16.8098087310791,20.0
545,10,16.808700561523438,20.0
545,11,16.84546661376953,20.0
545,12,16.861677169799805,20.0
545,13,16.947378158569336,20.0
545,14,17.033964157104492,20.0
545,15,16.667621612548828,20.0
545,16,16.65782928466797,20.0
545,17,16.679384231567383,20.0
545,18,16.74109649658203,20.0
545,19,16.066917419433594,20.0
545,20,16.027393341064453,20.0
545,21,16.250167846679688,20.0
545,22,16.302600860595703,20.0
545,23,16.343273162841797,20.0
545,24,16.381587982177734,20.0
545,25,16.691160202026367,20.0
545,26,16.988039016723633,20.0
545,27,17.048351287841797,20.0
545,28,17.22524642944336,20.0
545,29,17.351276397705078,20.0
545,30,17.519779205322266,20.0
545,31,17.527759552001953,20.0
545,32,17.71234893798828,20.0
545,33,17.856700897216797,20.0
545,34,18.205448150634766,20.0
545,35,18.3306884765625,20.0
545,36,18.357589721679688,20.0
545,37,18.39303970336914,20.0
545,38,18.429250717163086,20.0
545,39,18.45146369934082,20.0
546,0,0.1021265834569931,0.0
547,0,-2.038560390472412,0.0
547,1,-2.0763020515441895,0.0
548,0,-3.809173583984375,0.0
548,1,-3.461540699005127,0.0
548,2,-1.2355400323867798,0.0
548,3,-1.3172345161437988,0.0
549,0,-1.8084932565689087,0.0
550,0,-1.8526043891906738,0.0
550,1,-1.0115526914596558,0.0
550,2,-0.9128391742706299,0.0
550,3,-0.7666339874267578,0.0
551,0,-1.244511365890503,0.0
551,1,0.199110209941864,0.0
552,0,-0.8721420764923096,0.0
552,1,-4.444941520690918,0.0
552,2,-4.987202167510986,0.0
552,3,-2.114483118057251,0.0
552,4,-1.7028887271881104,0.0
552,5,-1.176137924194336,0.0
552,6,-1.0547059774398804,0.0
553,0,-2.479841470718384,0.0
553,1,-1.649633765220642,0.0
554,0,-4.393796920776367,0.0
555,0,-0.7595798373222351,0.0
555,1,-0.45552563667297363,0.0
556,0,-0.44312962889671326,0.0
557,0,-1.8145605325698853,0.0
557,1,-2.5217323303222656,0.0
557,2,-1.8763079643249512,0.0
557,3,-1.3782784938812256,0.0
557,4,-1.4049601554870605,0.0
557,5,-1.592586874961853,0.0
557,6,-1.5419011116027832,0.0
558,0,-0.11992186307907104,0.0
558,1,0.031599972397089005,0.0
558,2,0.18224990367889404,0.0
558,3,-0.06265267729759216,0.0
558,4,-0.2118760645389557,0.0
558,5,-0.3038158416748047,0.0
558,6,-0.7031177878379822,0.0
559,0,-1.0288231372833252,0.0
559,1,1.08502197265625,0.0
559,2,-0.13008670508861542,0.0
560,0,-0.47487854957580566,0.0
560,1,-0.8142397403717041,0.0
561,0,-0.5590922832489014,0.0
561,1,0.6126968860626221,0.0
562,0,0.14394605159759521,0.0
562,1,0.13564923405647278,0.0
562,2,-0.1843452751636505,0.0
562,3,-0.3936368227005005,0.0
563,0,-4.336045265197754,0.0
563,1,-6.244223594665527,0.0
563,2,-5.739453315734863,0.0
563,3,-3.2659242153167725,0.0
563,4,-3.396296977996826,0.0
563,5,-2.68497371673584,0.0
563,6,-1.3546518087387085,0.0
564,0,-2.165574312210083,0.0
564,1,3.24062180519104,0.0
564,2,1.1205519437789917,0.0
565,0,-0.4449482560157776,0.0
565,1,0.08221209049224854,0.0
566,0,-2.8560872077941895,0.0
566,1,-1.4135513305664062,0.0
566,2,-1.0444977283477783,0.0
567,0,-1.2109004259109497,0.0
567,1,-0.33123546838760376,0.0
567,2,0.8381385803222656,0.0
567,3,2.3588836193084717,0.0
567,4,1.6414897441864014,0.0
567,5,1.8167649507522583,0.0
568,0,-6.154139995574951,-17.0
568,1,-5.813771724700928,-17.0
568,2,1.3760467767715454,-17.0
568,3,7.938410758972168,-17.0
568,4,10.73300838470459,-17.0
568,5,10.308553695678711,-17.0
568,6,7.365291595458984,-17.0
568,7,10.774986267089844,-17.0
568,8,11.060376167297363,-17.0
568,9,9.82313060760498,-17.0
568,10,8.028687477111816,-17.0
568,11,7.2702178955078125,-17.0
568,12,7.414015293121338,-17.0
568,13,8.951363563537598,-17.0
568,14,8.967156410217285,-17.0
568,15,8.745952606201172,-17.0
568,16,8.670648574829102,-17.0
568,17,5.459071636199951,-17.0
568,18,5.5263895988464355,-17.0
568,19,2.761657238006592,-17.0
568,20,0.9808180928230286,-17.0
568,21,0.32047247886657715,-17.0
569,0,-1.338212490081787,0.0
569,1,-0.4079352021217346,0.0
569,2,-0.4819181263446808,0.0
570,0,-1.693891167640686,-6.0
570,1,-0.7154092192649841,-6.0
570,2,-0.6509923934936523,-6.0
570,3,-0.5195834040641785,-6.0
570,4,-0.5418969988822937,-6.0
570,5,-0.29585498571395874,-6.0
570,6,-0.25976040959358215,-6.0
570,7,-0.2315017133951187,-6.0
570,8,-0.22533446550369263,-6.0
570,9,-0.19421619176864624,-6.0
570,10,-0.17670898139476776,-6.0
570,11,-0.1283939778804779,-6.0
570,12,-0.10559525340795517,-6.0
570,13,-0.09591109305620193,-6.0
570,14,-0.09105997532606125,-6.0
570,15,-0.082724429666996,-6.0
571,0,-0.5045362114906311,0.0
572,0,-3.3657991886138916,-1.0
572,1,-13.484935760498047,-1.0
572,2,-13.609561920166016,-1.0
572,3,-9.952643394470215,-1.0
572,4,-11.850852966308594,-1.0
572,5,-12.429919242858887,-1.0
572,6,-15.06183910369873,-1.0
572,7,-15.492325782775879,-1.0
573,0,-1.8476123809814453,0.0
573,1,0.003494404489174485,0.0
574,0,-2.9138588905334473,0.0
574,1,-2.0619585514068604,0.0
574,2,-1.5086264610290527,0.0
574,3,-1.252315878868103,0.0
574,4,-1.0278174877166748,0.0
575,0,-0.5136096477508545,-16.0
575,1,-0.21348212659358978,-16.0
575,2,-0.34599369764328003,-16.0
575,3,-0.15823547542095184,-16.0
575,4,-0.087583526968956,-16.0
575,5,-0.0488351471722126,-16.0
575,6,-0.09307853877544403,-16.0
575,7,-0.17201371490955353,-16.0
575,8,-0.12448026239871979,-16.0
575,9,-0.1752282828092575,-16.0
575,10,-0.17907701432704926,-16.0
575,11,-0.1525913029909134,-16.0
575,12,-0.10426543653011322,-16.0
575,13,-0.1470649689435959,-16.0
575,14,-0.17672626674175262,-16.0
575,15,-0.2593879699707031,-16.0
575,16,-0.25502145290374756,-16.0
575,17,-0.2433471530675888,-16.0
575,18,-0.3412666320800781,-16.0
575,19,-0.49682217836380005,-16.0
575,20,-0.39671725034713745,-16.0
575,21,-0.23039670288562775,-16.0
575,22,-0.2289934903383255,-16.0
575,23,-0.33559685945510864,-16.0
575,24,-0.3872685730457306,-16.0
575,25,-0.547018826007843,-16.0
576,0,-0.44487789273262024,0.0
576,1,-0.37901559472084045,0.0
577,0,-0.8128197193145752,0.0
577,1,-0.8065082430839539,0.0
577,2,-0.5457383990287781,0.0
577,3,-1.1536158323287964,0.0
577,4,-0.615244448184967,0.0
577,5,-0.3398972749710083,0.0
577,6,-0.3149908185005188,0.0
577,7,-0.25604692101478577,0.0
577,8,-0.08562717586755753,0.0
578,0,0.036685969680547714,0.0
579,0,-5.463529109954834,-15.0
579,1,-2.231477737426758,-15.0
579,2,0.513626754283905,-15.0
579,3,0.1953098028898239,-15.0
579,4,1.44314706325531,-15.0
579,5,0.5578455328941345,-15.0
579,6,1.3759998083114624,-15.0
579,7,0.5973421931266785,-15.0
579,8,1.2504013776779175,-15.0
579,9,0.7709987759590149,-15.0
579,10,0.14993922412395477,-15.0
579,11,0.568727433681488,-15.0
579,12,0.9715936779975891,-15.0
579,13,1.4121583700180054,-15.0
579,14,1.0603846311569214,-15.0
579,15,1.3792003393173218,-15.0
579,16,1.6258856058120728,-15.0
579,17,0.2580185532569885,-15.0
579,18,0.44125300645828247,-15.0
579,19,0.35660141706466675,-15.0
579,20,0.8388263583183289,-15.0
579,21,1.1743038892745972,-15.0
579,22,1.2938560247421265,-15.0
579,23,1.587453007698059,-15.0
579,24,1.8335968255996704,-15.0
579,25,1.859660267829895,-15.0
579,26,2.0843143463134766,-15.0
579,27,-2.9846248626708984,-15.0
579,28,-2.9313149452209473,-15.0
579,29,-5.1875996589660645,-15.0
579,30,-4.876373291015625,-15.0
580,0,-0.6673742532730103,0.0
580,1,-0.27812662720680237,0.0
580,2,0.0678304135799408,0.0
580,3,-0.11941966414451599,0.0
580,4,-0.1940154731273651,0.0
580,5,-0.1864650994539261,0.0
580,6,-0.12225951254367828,0.0
580,7,-0.17721672356128693,0.0
580,8,-0.22826386988162994,0.0
581,0,0.05633232742547989,0.0
582,0,-1.0953383445739746,0.0
582,1,-0.48014116287231445,0.0
582,2,-0.21622876822948456,0.0
583,0,-0.3007817268371582,0.0
584,0,-1.1533076763153076,0.0
585,0,-1.5807881355285645,0.0
585,1,-1.070750117301941,0.0
585,2,-0.4502112567424774,0.0
585,3,-0.34972527623176575,0.0
586,0,-1.136818766593933,0.0
586,1,-0.8535788059234619,0.0
586,2,-0.9440393447875977,0.0
586,3,-0.7634599208831787,0.0
586,4,-0.6679730415344238,0.0
586,5,-0.5004762411117554,0.0
586,6,-0.4348827004432678,0.0
586,7,-0.3753204047679901,0.0
586,8,-0.35838356614112854,0.0
587,0,-0.499505877494812,0.0
587,1,-0.32461103796958923,0.0
588,0,-3.917149782180786,0.0
588,1,-3.8824565410614014,0.0
588,2,-2.617098093032837,0.0
589,0,-1.5773063898086548,0.0
589,1,-1.9290522336959839,0.0
589,2,-0.22194114327430725,0.0
589,3,-0.1897520124912262,0.0
589,4,-0.3848600685596466,0.0
590,0,-3.4162707328796387,0.0
590,1,-1.5858149528503418,0.0
590,2,-2.2076988220214844,0.0
591,0,-0.489346444606781,0.0
591,1,0.01489911787211895,0.0
591,2,-0.054151345044374466,0.0
591,3,-0.16150958836078644,0.0
592,0,-0.3158882260322571,0.0
593,0,0.07107880711555481,0.0
594,0,-3.743969202041626,-9.0
594,1,-7.906922817230225,-9.0
594,2,-10.343911170959473,-9.0
594,3,-11.299673080444336,-9.0
594,4,-11.840865135192871,-9.0
594,5,-10.158554077148438,-9.0
594,6,-12.214749336242676,-9.0
594,7,-12.772431373596191,-9.0
594,8,-13.183985710144043,-9.0
594,9,-13.272780418395996,-9.0
594,10,-12.218575477600098,-9.0
594,11,-12.6593656539917,-9.0
594,12,-10.231857299804688,-9.0
594,13,-9.742417335510254,-9.0
594,14,-9.01368522644043,-9.0
594,15,-9.169417381286621,-9.0
594,16,-8.945685386657715,-9.0
594,17,-6.465252876281738,-9.0
594,18,-6.95412015914917,-9.0
594,19,-6.807641983032227,-9.0
594,20,-7.274164199829102,-9.0
594,21,-7.862502574920654,-9.0
594,22,-8.190171241760254,-9.0
595,0,-3.169853687286377,-2.0
595,1,-3.1365256309509277,-2.0
595,2,-3.5336074829101562,-2.0
595,3,-3.0476083755493164,-2.0
595,4,-3.054715633392334,-2.0
595,5,-3.093898296356201,-2.0
595,6,-2.121060609817505,-2.0
595,7,-2.1603236198425293,-2.0
595,8,-2.0955848693847656,-2.0
595,9,-2.0056426525115967,-2.0
595,10,-1.8860636949539185,-2.0
595,11,-1.7946319580078125,-2.0
596,0,-2.514033794403076,0.0
596,1,-2.2246909141540527,0.0
596,2,-1.457098126411438,0.0
596,3,-2.0101189613342285,0.0
597,0,-0.714114248752594,-7.0
597,1,0.2399190366268158,-7.0
597,2,-0.23338277637958527,-7.0
597,3,-0.15440785884857178,-7.0
597,4,-0.2712285816669464,-7.0
597,5,0.14961600303649902,-7.0
597,6,-0.8415254950523376,-7.0
597,7,-0.8465379476547241,-7.0
597,8,-1.116869330406189,-7.0
597,9,-1.3508702516555786,-7.0
598,0,-0.5060847401618958,0.0
598,1,-0.45026546716690063,0.0
598,2,-0.7450112104415894,0.0
598,3,-0.4294588267803192,0.0
598,4,-0.4013501703739166,0.0
598,5,-0.2913554310798645,0.0
598,6,-0.29516059160232544,0.0
598,7,-0.29887616634368896,0.0
598,8,-0.3028445243835449,0.0
598,9,-0.2301769107580185,0.0
598,10,-0.22858698666095734,0.0
598,11,-0.2542175054550171,0.0
598,12,-0.16826307773590088,0.0
598,13,-0.18863295018672943,0.0
598,14,-0.23719319701194763,0.0
598,15,-0.2685694396495819,0.0
598,16,-0.310898095369339,0.0
598,17,-0.2932772934436798,0.0
598,18,-0.33528125286102295,0.0
599,0,-1.5869672298431396,0.0
599,1,-0.683612048625946,0.0
599,2,-0.5841416120529175,0.0
599,3,-0.905130922794342,0.0
600,0,-0.37105533480644226,0.0
600,1,-1.207445740699768,0.0
600,2,-0.825434148311615,0.0
600,3,-0.7366615533828735,0.0
600,4,-0.49428805708885193,0.0
600,5,-0.463496595621109,0.0
600,6,-0.37506404519081116,0.0
600,7,-0.4501142203807831,0.0
600,8,-0.5057792067527771,0.0
600,9,-0.5405917167663574,0.0
600,10,-0.36003178358078003,0.0
600,11,-0.3600837290287018,0.0
600,12,-0.38861826062202454,0.0
600,13,-0.4162783920764923,0.0
600,14,-0.44415947794914246,0.0
600,15,-0.4324852526187897,0.0
600,16,-0.45812714099884033,0.0
600,17,-0.4871484637260437,0.0
600,18,-0.5200377106666565,0.0
601,0,-3.4507362842559814,-1.0
601,1,-6.878530025482178,-1.0
601,2,-4.186793804168701,-1.0
601,3,-3.5008766651153564,-1.0
601,4,-3.1847434043884277,-1.0
601,5,-2.7823362350463867,-1.0
602,0,-1.0254415273666382,0.0
602,1,-0.7171052098274231,0.0
603,0,-4.568676948547363,0.0
603,1,-4.825305938720703,0.0
603,2,-3.5785703659057617,0.0
603,3,-2.8684797286987305,0.0
603,4,-2.9883923530578613,0.0
603,5,-0.6766101717948914,0.0
604,0,-5.257369518280029,-5.0
604,1,-9.146857261657715,-5.0
604,2,-6.1128830909729,-5.0
604,3,-3.5858724117279053,-5.0
604,4,-2.2339682579040527,-5.0
604,5,-1.5333583354949951,-5.0
604,6,-1.895569086074829,-5.0
605,0,-0.9985830187797546,0.0
605,1,-0.8626041412353516,0.0
605,2,-0.9375824332237244,0.0
605,3,-0.809967041015625,0.0
605,4,-0.7964277863502502,0.0
606,0,-0.7231820821762085,0.0
606,1,-0.72713303565979,0.0
607,0,-0.6024625897407532,-2.0
607,1,-0.6955669522285461,-2.0
607,2,-0.73015958070755,-2.0
607,3,-0.7564254403114319,-2.0
607,4,-0.703994870185852,-2.0
607,5,-0.680797815322876,-2.0
607,6,-0.6725552082061768,-2.0
607,7,-0.7009163498878479,-2.0
607,8,-0.7315341830253601,-2.0
607,9,-0.72125244140625,-2.0
607,10,-0.7347599267959595,-2.0
607,11,-0.7415251731872559,-2.0
608,0,-3.421098470687866,0.0
608,1,-0.30446651577949524,0.0
609,0,-0.3819144368171692,-4.0
609,1,-0.5216689109802246,-4.0
609,2,-0.2908552587032318,-4.0
609,3,-0.3067014813423157,-4.0
609,4,0.0026420350186526775,-4.0
609,5,-0.2614407539367676,-4.0
610,0,-0.686043381690979,0.0
611,0,-0.245910182595253,0.0
611,1,-0.23744525015354156,0.0
611,2,-0.21766670048236847,0.0
611,3,-0.21818876266479492,0.0
611,4,-0.19071896374225616,0.0
611,5,-0.2736690044403076,0.0
611,6,-0.23898667097091675,0.0
611,7,-0.2637231647968292,0.0
611,8,-0.24047468602657318,0.0
611,9,-0.20030443370342255,0.0
611,10,-0.22617261111736298,0.0
611,11,-0.2505684494972229,0.0
611,12,-0.2764054536819458,0.0
611,13,-0.3001285493373871,0.0
611,14,-0.32377171516418457,0.0
611,15,-0.34916359186172485,0.0
611,16,-0.37472251057624817,0.0
612,0,-1.2170439958572388,0.0
612,1,-0.7580366134643555,0.0
612,2,-0.7410199642181396,0.0
613,0,-2.798896551132202,-11.0
613,1,-1.6775050163269043,-11.0
613,2,-1.5664409399032593,-11.0
613,3,-1.4268921613693237,-11.0
613,4,-1.4367363452911377,-11.0
613,5,-1.5393922328948975,-11.0
613,6,-1.5753482580184937,-11.0
613,7,-1.5160071849822998,-11.0
613,8,-1.60512375831604,-11.0
613,9,-1.4673594236373901,-11.0
613,10,-1.0498046875,-11.0
613,11,-1.7235136032104492,-11.0
613,12,-2.360616683959961,-11.0
613,13,-2.335196018218994,-11.0
613,14,-2.434582233428955,-11.0
613,15,-2.610812187194824,-11.0
613,16,-2.6179468631744385,-11.0
613,17,-2.6188607215881348,-11.0
613,18,-2.577242374420166,-11.0
614,0,-0.8175975680351257,0.0
615,0,-5.864291667938232,0.0
615,1,-2.721027135848999,0.0
615,2,-1.8976037502288818,0.0
616,0,15.037504196166992,-6.0
616,1,17.369985580444336,-6.0
616,2,14.688933372497559,-6.0
616,3,16.513063430786133,-6.0
616,4,17.00166130065918,-6.0
616,5,17.412439346313477,-6.0
616,6,17.733436584472656,-6.0
616,7,17.41273307800293,-6.0
616,8,16.413705825805664,-6.0
616,9,14.046977043151855,-6.0
616,10,13.099859237670898,-6.0
617,0,-6.501250743865967,0.0
617,1,-6.398923873901367,0.0
617,2,-2.947019577026367,0.0
618,0,-0.4617699086666107,0.0
618,1,-0.5460331439971924,0.0
619,0,-11.094947814941406,0.0
619,1,-9.781725883483887,0.0
619,2,-6.279896259307861,0.0
619,3,-6.00915002822876,0.0
619,4,-5.477288722991943,0.0
619,5,-3.710386276245117,0.0
619,6,-2.9781384468078613,0.0
619,7,-2.827507734298706,0.0
619,8,-2.68109130859375,0.0
619,9,-2.563943862915039,0.0
619,10,-2.547013282775879,0.0
620,0,-4.9366679191589355,-4.0
620,1,-10.240739822387695,-4.0
620,2,-2.5756895542144775,-4.0
620,3,-2.4291164875030518,-4.0
620,4,-3.722115993499756,-4.0
620,5,-2.5085856914520264,-4.0
620,6,-2.9818766117095947,-4.0
620,7,-2.902139186859131,-4.0
620,8,-3.2641632556915283,-4.0
620,9,-3.1860764026641846,-4.0
620,10,-3.296212911605835,-4.0
620,11,-2.95477294921875,-4.0
620,12,-3.085055112838745,-4.0
620,13,-3.3928515911102295,-4.0
620,14,-3.131943941116333,-4.0
620,15,-3.125823974609375,-4.0
620,16,-3.3010916709899902,-4.0
621,0,-5.161989688873291,-1.0
621,1,-7.660654544830322,-1.0
621,2,-10.319639205932617,-1.0
621,3,-8.894594192504883,-1.0
621,4,-7.726073265075684,-1.0
621,5,-7.869863510131836,-1.0
621,6,-6.531681537628174,-1.0
621,7,-6.500312328338623,-1.0
621,8,-6.866208553314209,-1.0
622,0,-0.8373668193817139,0.0
623,0,-0.21486826241016388,0.0
624,0,-1.2376307249069214,0.0
624,1,-0.8572800755500793,0.0
624,2,-0.3479252755641937,0.0
624,3,-0.29476115107536316,0.0
625,0,-17.685222625732422,0.0
625,1,-19.23875617980957,0.0
625,2,-20.668357849121094,0.0
625,3,-19.563289642333984,0.0
625,4,-16.91587257385254,0.0
625,5,-15.954146385192871,0.0
625,6,-13.96552848815918,0.0
625,7,-13.408868789672852,0.0
626,0,-0.41580095887184143,0.0
626,1,-0.4985315799713135,0.0
627,0,-0.7778777480125427,0.0
627,1,-0.792610764503479,0.0
627,2,-0.4523712992668152,0.0
627,3,-0.3380238711833954,0.0
627,4,-0.3064844608306885,0.0
627,5,-0.29835355281829834,0.0
627,6,-0.29865849018096924,0.0
627,7,-0.33135855197906494,0.0
628,0,-2.8589255809783936,0.0
628,1,-1.132311463356018,0.0
629,0,-1.2230963706970215,0.0
629,1,-0.6122271418571472,0.0
629,2,-0.4971027672290802,0.0
629,3,-1.0261191129684448,0.0
630,0,-1.2530523538589478,0.0
630,1,-1.0924371480941772,0.0
630,2,-1.6534010171890259,0.0
630,3,-0.9262284636497498,0.0
630,4,-1.0514529943466187,0.0
630,5,-0.6946971416473389,0.0
630,6,-0.6784486770629883,0.0
631,0,-0.19600310921669006,-1.0
631,1,-0.2344653457403183,-1.0
631,2,-0.18940141797065735,-1.0
631,3,-0.22976313531398773,-1.0
631,4,-0.4736466407775879,-1.0
632,0,-13.440590858459473,0.0
632,1,-7.346433162689209,0.0
632,2,-7.593663692474365,0.0
632,3,-7.457176208496094,0.0
633,0,-0.6956201195716858,0.0
633,1,-0.7211188673973083,0.0
633,2,-0.5329048037528992,0.0
634,0,-4.186948299407959,-31.0
634,1,-4.0114521980285645,-31.0
634,2,-3.5155889987945557,-31.0
634,3,-4.006622314453125,-31.0
634,4,-12.24492359161377,-31.0
634,5,-10.909598350524902,-31.0
634,6,-8.008570671081543,-31.0
634,7,-9.242289543151855,-31.0
634,8,-19.158363342285156,-31.0
634,9,-18.825716018676758,-31.0
634,10,-19.601858139038086,-31.0
634,11,-18.860910415649414,-31.0
634,12,-17.926103591918945,-31.0
634,13,-17.684307098388672,-31.0
634,14,-17.739643096923828,-31.0
634,15,-17.572711944580078,-31.0
634,16,-17.383319854736328,-31.0
634,17,-17.14914894104004,-31.0
634,18,-17.264039993286133,-31.0
634,19,-17.222932815551758,-31.0
634,20,-17.95631980895996,-31.0
634,21,-17.91213035583496,-31.0
634,22,-14.749086380004883,-31.0
634,23,-14.883280754089355,-31.0
634,24,-14.765015602111816,-31.0
634,25,-21.816587448120117,-31.0
634,26,-21.829347610473633,-31.0
634,27,-21.838504791259766,-31.0
634,28,-14.284947395324707,-31.0
634,29,-18.485517501831055,-31.0
634,30,-18.441282272338867,-31.0
634,31,-17.957365036010742,-31.0
634,32,-16.32623291015625,-31.0
634,33,-9.917940139770508,-31.0
634,34,-6.9022536277771,-31.0
634,35,-6.114914894104004,-31.0
634,36,-4.54518461227417,-31.0
634,37,-4.13269567489624,-31.0
635,0,-1.513445496559143,0.0
636,0,-0.46343258023262024,0.0
636,1,-0.7714076638221741,0.0
637,0,-2.70694899559021,0.0
637,1,-1.5028384923934937,0.0
637,2,-1.4589358568191528,0.0
638,0,-4.9839653968811035,0.0
638,1,-2.5957212448120117,0.0
638,2,-3.5583903789520264,0.0
639,0,-1.0327242612838745,0.0
640,0,-1.8366353511810303,0.0
640,1,-1.189579725265503,0.0
641,0,-3.1646852493286133,0.0
641,1,-4.275818824768066,0.0
641,2,-4.7087602615356445,0.0
641,3,-5.45111608505249,0.0
642,0,-1.0795403718948364,-31.0
642,1,-1.3845487833023071,-31.0
642,2,-1.2306830883026123,-31.0
642,3,-1.2234240770339966,-31.0
642,4,-1.2072378396987915,-31.0
642,5,-1.1810299158096313,-31.0
642,6,-1.1755484342575073,-31.0
642,7,-2.2387197017669678,-31.0
642,8,-2.144570827484131,-31.0
642,9,-1.9494045972824097,-31.0
642,10,-2.1965835094451904,-31.0
642,11,-2.458756685256958,-31.0
642,12,-2.653268814086914,-31.0
642,13,-2.257464647293091,-31.0
642,14,-2.2534468173980713,-31.0
642,15,-2.6052210330963135,-31.0
642,16,-2.2018301486968994,-31.0
642,17,-2.2693591117858887,-31.0
642,18,-2.1720197200775146,-31.0
642,19,-2.42765736579895,-31.0
642,20,-1.6465191841125488,-31.0
642,21,-1.6486505270004272,-31.0
642,22,-1.6919013261795044,-31.0
642,23,-1.3423806428909302,-31.0
642,24,-1.3143757581710815,-31.0
642,25,-1.3224323987960815,-31.0
642,26,-1.2688300609588623,-31.0
642,27,-1.3079816102981567,-31.0
642,28,-1.3219205141067505,-31.0
642,29,-1.2170708179473877,-31.0
642,30,-1.112955927848816,-31.0
642,31,-1.13392972946167,-31.0
642,32,-1.1483824253082275,-31.0
642,33,-1.170845627784729,-31.0
642,34,-1.18992280960083,-31.0
642,35,-1.207603096961975,-31.0
642,36,-1.2482436895370483,-31.0
642,37,-1.2795082330703735,-31.0
643,0,-0.2286192774772644,0.0
644,0,-3.0450117588043213,-29.0
644,1,-4.379332542419434,-29.0
644,2,-16.072933197021484,-29.0
644,3,9.400604248046875,-29.0
644,4,7.4319376945495605,-29.0
644,5,4.775860786437988,-29.0
644,6,4.35561990737915,-29.0
644,7,2.311789035797119,-29.0
644,8,2.6583151817321777,-29.0
644,9,2.370331048965454,-29.0
644,10,5.162817478179932,-29.0
644,11,4.879976272583008,-29.0
644,12,3.491715908050537,-29.0
644,13,3.760167121887207,-29.0
644,14,3.4175562858581543,-29.0
644,15,3.322298526763916,-29.0
644,16,4.240260601043701,-29.0
644,17,2.781553030014038,-29.0
644,18,1.1341341733932495,-29.0
644,19,1.6238936185836792,-29.0
644,20,1.3215504884719849,-29.0
644,21,2.9489693641662598,-29.0
644,22,1.5662134885787964,-29.0
644,23,5.888303279876709,-29.0
644,24,5.951210021972656,-29.0
644,25,5.711572170257568,-29.0
644,26,5.465362548828125,-29.0
644,27,5.366682529449463,-29.0
644,28,-12.863697052001953,-29.0
644,29,-13.364471435546875,-29.0
644,30,-13.180571556091309,-29.0
644,31,-13.107436180114746,-29.0
644,32,-13.262359619140625,-29.0
644,33,-13.495538711547852,-29.0
644,34,-13.33698844909668,-29.0
644,35,-13.243901252746582,-29.0
644,36,-13.327492713928223,-29.0
645,0,-0.818216860294342,0.0
645,1,-1.175316333770752,0.0
645,2,-0.9382299184799194,0.0
645,3,-0.8838353157043457,0.0
645,4,-1.211845874786377,0.0
645,5,-1.0077027082443237,0.0
645,6,-1.1171751022338867,0.0
645,7,-0.6652030944824219,0.0
645,8,-0.6689514517784119,0.0
645,9,-0.6657035946846008,0.0
645,10,-0.6760433912277222,0.0
645,11,-0.614720344543457,0.0
645,12,-0.5557972192764282,0.0
645,13,-0.5589858293533325,0.0
646,0,-0.6134339570999146,0.0
646,1,-1.230961561203003,0.0
646,2,-0.5348222851753235,0.0
646,3,-0.43393051624298096,0.0
646,4,-0.4885805547237396,0.0
647,0,-0.9404326677322388,0.0
647,1,0.08568784594535828,0.0
647,2,-0.15823595225811005,0.0
648,0,-2.140523910522461,0.0
648,1,-0.40998202562332153,0.0
648,2,-0.400748610496521,0.0
648,3,-0.16421285271644592,0.0
648,4,-0.18826976418495178,0.0
649,0,-5.728199005126953,-2.0
649,1,-1.5332493782043457,-2.0
649,2,-5.726524829864502,-2.0
649,3,-12.181672096252441,-2.0
649,4,-6.916134357452393,-2.0
649,5,-1.7820322513580322,-2.0
649,6,0.06873822957277298,-2.0
649,7,-9.957622528076172,-2.0
649,8,-15.715954780578613,-2.0
649,9,-14.151163101196289,-2.0
650,0,-1.9881192445755005,0.0
650,1,-0.17626415193080902,0.0
651,0,-1.2214332818984985,0.0
651,1,-0.910294771194458,0.0
651,2,-0.6104694604873657,0.0
652,0,-1.1581089496612549,0.0
652,1,-1.204454779624939,0.0
652,2,-1.2949397563934326,0.0
652,3,-0.9924290776252747,0.0
652,4,-1.1073276996612549,0.0
653,0,-4.571911334991455,0.0
653,1,-21.969039916992188,0.0
653,2,-18.646175384521484,0.0
653,3,-18.694896697998047,0.0
654,0,-7.035955905914307,-4.0
654,1,1.2071019411087036,-4.0
654,2,1.5677932500839233,-4.0
654,3,1.3767143487930298,-4.0
654,4,2.7248659133911133,-4.0
654,5,0.2117338925600052,-4.0
654,6,0.543373167514801,-4.0
654,7,0.2592528462409973,-4.0
654,8,-0.16304223239421844,-4.0
654,9,-0.4107477068901062,-4.0
654,10,-1.1945213079452515,-4.0
654,11,-1.466166615486145,-4.0
654,12,-1.337642788887024,-4.0
654,13,-0.6590515971183777,-4.0
654,14,-1.4661442041397095,-4.0
654,15,-1.2246677875518799,-4.0
654,16,-0.8815628886222839,-4.0
654,17,-0.7851957678794861,-4.0
654,18,-1.2081719636917114,-4.0
654,19,-1.532137393951416,-4.0
654,20,-2.4886698722839355,-4.0
655,0,-0.4367629885673523,0.0
655,1,-1.1375645399093628,0.0
656,0,-4.325964450836182,0.0
656,1,-3.117455244064331,0.0
656,2,-1.6771231889724731,0.0
657,0,-9.622115135192871,-1.0
657,1,-18.221620559692383,-1.0
657,2,-18.051998138427734,-1.0
657,3,-16.987577438354492,-1.0
657,4,-16.55510711669922,-1.0
658,0,-1.8883427381515503,-10.0
658,1,-0.9495341777801514,-10.0
658,2,-0.8705191612243652,-10.0
658,3,-0.6720981001853943,-10.0
658,4,-0.6714543104171753,-10.0
658,5,-0.6628681421279907,-10.0
658,6,-0.7156247496604919,-10.0
658,7,-0.7141427993774414,-10.0
658,8,-0.6317957639694214,-10.0
658,9,-0.6784858703613281,-10.0
658,10,-0.8291997909545898,-10.0
658,11,-0.9633227586746216,-10.0
658,12,-0.9262100458145142,-10.0
658,13,-1.0241090059280396,-10.0
658,14,-1.1483477354049683,-10.0
658,15,-1.2632877826690674,-10.0
658,16,-1.342330813407898,-10.0
658,17,-1.0084761381149292,-10.0
658,18,-1.0336501598358154,-10.0
658,19,-1.0760585069656372,-10.0
659,0,-3.050516366958618,0.0
659,1,-1.0037776231765747,0.0
659,2,-0.3352166712284088,0.0
660,0,-3.050091028213501,0.0
660,1,-1.0183056592941284,0.0
660,2,-0.49622249603271484,0.0
660,3,-0.34152793884277344,0.0
661,0,-14.173300743103027,-1.0
661,1,-15.770241737365723,-1.0
661,2,-14.387362480163574,-1.0
661,3,-13.777591705322266,-1.0
662,0,-1.7748548984527588,0.0
662,1,-0.9892517328262329,0.0
663,0,-1.5142148733139038,0.0
663,1,-1.235443353652954,0.0
663,2,-0.46404945850372314,0.0
663,3,-0.24255019426345825,0.0
663,4,-0.12202136963605881,0.0
663,5,-0.034906934946775436,0.0
663,6,0.017549993470311165,0.0
663,7,0.09553251415491104,0.0
663,8,-0.0007294542156159878,0.0
663,9,-0.10193076729774475,0.0
664,0,-0.807661771774292,-1.0
664,1,-0.8103373050689697,-1.0
664,2,-0.31314951181411743,-1.0
664,3,-0.6456466913223267,-1.0
664,4,-0.21975581347942352,-1.0
664,5,-0.225209578871727,-1.0
664,6,-0.32494789361953735,-1.0
664,7,-0.43631914258003235,-1.0
665,0,-22.62323760986328,-4.0
665,1,-23.441497802734375,-4.0
665,2,-20.451780319213867,-4.0
665,3,-19.72711944580078,-4.0
665,4,-18.039154052734375,-4.0
665,5,-15.807392120361328,-4.0
665,6,-13.43348503112793,-4.0
665,7,-18.91698455810547,-4.0
665,8,-21.237899780273438,-4.0
665,9,-22.33647918701172,-4.0
665,10,-21.681148529052734,-4.0
665,11,-22.195398330688477,-4.0
665,12,-22.255292892456055,-4.0
665,13,-22.443445205688477,-4.0
666,0,-2.243582010269165,-2.0
666,1,-1.0841889381408691,-2.0
666,2,-0.9960319399833679,-2.0
666,3,-0.8435766696929932,-2.0
666,4,-0.5252609252929688,-2.0
666,5,-0.24972617626190186,-2.0
666,6,-0.23727139830589294,-2.0
666,7,-0.19545257091522217,-2.0
666,8,-0.24108284711837769,-2.0
666,9,-0.2568214237689972,-2.0
666,10,-0.1751140058040619,-2.0
666,11,-0.13925036787986755,-2.0
667,0,-0.43171605467796326,0.0
667,1,-0.3602093756198883,0.0
667,2,-0.4623582065105438,0.0
668,0,-0.014623774215579033,-23.0
668,1,1.2446792125701904,-23.0
668,2,5.636713027954102,-23.0
668,3,4.1847615242004395,-23.0
668,4,3.767225503921509,-23.0
668,5,3.2315852642059326,-23.0
668,6,3.088895797729492,-23.0
668,7,2.4708666801452637,-23.0
668,8,2.199209690093994,-23.0
668,9,2.699763298034668,-23.0
668,10,2.4619832038879395,-23.0
668,11,2.4796090126037598,-23.0
668,12,2.303299903869629,-23.0
668,13,2.0054221153259277,-23.0
668,14,1.7864950895309448,-23.0
668,15,1.3429564237594604,-23.0
668,16,1.3112494945526123,-23.0
668,17,1.3811607360839844,-23.0
668,18,1.3292629718780518,-23.0
668,19,1.2107818126678467,-23.0
668,20,1.2612212896347046,-23.0
668,21,1.2573062181472778,-23.0
668,22,1.1987589597702026,-23.0
668,23,1.1219513416290283,-23.0
668,24,0.8117604851722717,-23.0
668,25,0.6093583703041077,-23.0
668,26,1.1995190382003784,-23.0
668,27,1.3600462675094604,-23.0
668,28,1.773535132408142,-23.0
668,29,2.3822388648986816,-23.0
668,30,0.8448374271392822,-23.0
669,0,-0.13998614251613617,0.0
670,0,-1.764988660812378,-1.0
670,1,-1.3159122467041016,-1.0
670,2,-1.2509030103683472,-1.0
670,3,-1.0235321521759033,-1.0
670,4,-1.1194204092025757,-1.0
670,5,-0.49290937185287476,-1.0
671,0,-1.6363606452941895,0.0
671,1,-1.7119261026382446,0.0
671,2,0.13079127669334412,0.0
672,0,-0.0663125067949295,0.0
672,1,-0.057546962052583694,0.0
672,2,-0.2444564551115036,0.0
